Gene ID	EC#	HMMER	dbCAN_sub	DIAMOND	Signalp	#ofTools
A0A014N4U1|unreviewed|CBM2	1.14.99.54|1.14.99.53	AA10(48-239)+CBM2(274-362)	AA10_e30+CBM2_e70	AA10+CBM2	N	3
A0A060ZR13|unreviewed|CBM2	1.14.99.54|1.14.99.53	AA10(48-239)+CBM2(277-367)	AA10_e30+CBM2_e70	AA10+CBM2	N	3
A0A066U3Z1|unreviewed|CBM2	1.14.99.54|1.14.99.53	AA10(32-220)+CBM2(273-367)	AA10_e30+CBM2_e70	AA10+CBM2	Y(1-32)	3
A0A066YW87|unreviewed|CBM2	1.14.99.54|1.14.99.53	AA10(33-223)+CBM2(273-363)	AA10_e30+CBM2_e70	AA10+CBM2	Y(1-33)	3
A0A081XXT8|unreviewed|CBM2	1.14.99.54|1.14.99.53	AA10(34-224)+CBM2(257-346)	AA10_e30+CBM2_e70	AA10+CBM2	Y(1-34)	3
A0A086N6M5|unreviewed|CBM2	1.14.99.54|1.14.99.53	AA10(35-225)+CBM2(265-353)	AA10_e30+CBM2_e70	AA10+CBM2	Y(1-35)	3
A0A089Z658|unreviewed|CBM2	1.14.99.54|1.14.99.53	AA10(35-225)+CBM2(267-359)	AA10_e30+CBM2_e70	AA10+CBM2	Y(1-35)	3
A0A0A0NBS9|unreviewed|CBM2	1.14.99.54|1.14.99.53	AA10(48-239)+CBM2(274-363)	AA10_e30+CBM2_e70	AA10+CBM2	Y(1-48)	3
A0A0A6XFC6|unreviewed|CBM2	1.14.99.54|1.14.99.53	AA10(24-217)+CBM2(255-347)	AA10_e30+CBM2_e70	AA10+CBM2	Y(1-24)	3
A0A0B5DID7|unreviewed|CBM2	1.14.99.54|1.14.99.53	AA10(34-224)+CBM2(265-355)	AA10_e30+CBM2_e70	AA10+CBM2	Y(1-34)	3
A0A0C5FZN4|unreviewed|CBM2	1.14.99.54|1.14.99.53	AA10(28-218)+CBM2(270-359)	AA10_e30+CBM2_e70	AA10+CBM2	Y(1-28)	3
A0A0D0VJW6|unreviewed|CBM2	1.14.99.54|1.14.99.53	AA10(33-222)+CBM2(276-369)	AA10_e30+CBM2_e70	AA10+CBM2	Y(1-35)	3
A0A0F5VVM9|unreviewed|CBM2	1.14.99.54|1.14.99.53	AA10(24-213)+CBM2(239-328)	AA10_e30+CBM2_e70	AA10+CBM2	Y(1-24)	3
A0A0F7W7W6|unreviewed|CBM2	1.14.99.54|1.14.99.53	AA10(51-241)+CBM2(291-380)	AA10_e30+CBM2_e70	AA10+CBM2	N	3
A0A0H3D8H6|unreviewed|CBM2	1.14.99.54|1.14.99.53	AA10(32-220)+CBM2(277-371)	AA10_e30+CBM2_e70	AA10+CBM2	Y(1-32)	3
A0A0H4CD33|unreviewed|CBM2	1.14.99.54|1.14.99.53	AA10(34-224)+CBM2(259-349)	AA10_e30+CBM2_e70	AA10+CBM2	Y(1-34)	3
A0A0J8C217|unreviewed|CBM2	1.14.99.54|1.14.99.53	AA10(34-223)+CBM2(249-339)	AA10_e30+CBM2_e70	AA10+CBM2	Y(1-34)	3
A0A0K8PRF0|unreviewed|CBM2	1.14.99.54|1.14.99.53	AA10(40-229)+CBM2(255-344)	AA10_e30+CBM2_e70	AA10+CBM2	Y(1-40)	3
A0A0L0K4L7|unreviewed|CBM2	1.14.99.54|1.14.99.53	AA10(42-231)+CBM2(257-345)	AA10_e30+CBM2_e70	AA10+CBM2	Y(1-42)	3
A0A0L8KXM1|unreviewed|CBM2	1.14.99.54|1.14.99.53	AA10(53-242)+CBM2(268-357)	AA10_e30+CBM2_e70	AA10+CBM2	Y(1-53)	3
A0A0M2GNZ9|unreviewed|CBM2	1.14.99.54|1.14.99.53	AA10(40-229)+CBM2(255-344)	AA10_e30+CBM2_e70	AA10+CBM2	Y(1-40)	3
A0A0M2RX17|unreviewed|CBM2	1.14.99.54|1.14.99.53	AA10(28-217)+CBM2(276-370)	AA10_e30+CBM2_e70	AA10+CBM2	Y(1-28)	3
A0A0M3QHU2|unreviewed|CBM2	1.14.99.54|1.14.99.53	AA10(57-246)+CBM2(284-373)	AA10_e30+CBM2_e70	AA10+CBM2	N	3
A0A0M8QSS9|unreviewed|CBM2	1.14.99.54|1.14.99.53	AA10(34-224)+CBM2(260-348)	AA10_e30+CBM2_e70	AA10+CBM2	Y(1-34)	3
A0A0M8TK01|unreviewed|CBM2	1.14.99.54|1.14.99.53	AA10(52-241)+CBM2(267-356)	AA10_e30+CBM2_e70	AA10+CBM2	N	3
A0A0M8W145|unreviewed|CBM2	1.14.99.54|1.14.99.53	AA10(27-217)+CBM2(252-342)	AA10_e30+CBM2_e70	AA10+CBM2	Y(1-27)	3
A0A0M8WX57|unreviewed|CBM2	1.14.99.54|1.14.99.53	AA10(27-217)+CBM2(250-340)	AA10_e30+CBM2_e70	AA10+CBM2	Y(1-27)	3
A0A0M8XI52|unreviewed|CBM2	1.14.99.54|1.14.99.53	AA10(10-199)+CBM2(225-314)	AA10_e30+CBM2_e70	AA10+CBM2	N	3
A0A0M8Z1T1|unreviewed|CBM2	1.14.99.54|1.14.99.53	AA10(35-225)+CBM2(265-353)	AA10_e30+CBM2_e70	AA10+CBM2	Y(1-35)	3
A0A0N0ANK1|unreviewed|CBM2	1.14.99.54|1.14.99.53	AA10(18-207)+CBM2(262-356)	AA10_e30+CBM2_e70	AA10+CBM2	Y(1-18)	3
A0A0N0HMF0|unreviewed|CBM2	1.14.99.54|1.14.99.53	AA10(45-234)+CBM2(262-347)	AA10_e30+CBM2_e70	AA10+CBM2	Y(1-45)	3
A0A0N0SXR2|unreviewed|CBM2	1.14.99.54|1.14.99.53	AA10(23-212)+CBM2(239-328)	AA10_e30+CBM2_e70	AA10+CBM2	Y(1-23)	3
A0A0N1FT25|unreviewed|CBM2	1.14.99.54|1.14.99.53	AA10(46-235)+CBM2(261-351)	AA10_e30+CBM2_e70	AA10+CBM2	Y(1-46)	3
A0A0N1H1M6|unreviewed|CBM2	1.14.99.54|1.14.99.53	AA10(46-235)+CBM2(261-350)	AA10_e30+CBM2_e70	AA10+CBM2	Y(1-46)	3
A0A0N1NFJ2|unreviewed|CBM2	1.14.99.54|1.14.99.53	AA10(49-238)+CBM2(264-353)	AA10_e30+CBM2_e70	AA10+CBM2	Y(1-48)	3
A0A0N6ZT04|unreviewed|CBM2	1.14.99.54|1.14.99.53	AA10(35-225)+CBM2(264-352)	AA10_e30+CBM2_e70	AA10+CBM2	Y(1-35)	3
A0A0Q6YQ06|unreviewed|CBM2	1.14.99.54|1.14.99.53	AA10(34-223)+CBM2(249-338)	AA10_e30+CBM2_e70	AA10+CBM2	Y(1-34)	3
A0A0Q9AVF6|unreviewed|CBM2	1.14.99.54|1.14.99.53	AA10(46-235)+CBM2(261-350)	AA10_e30+CBM2_e70	AA10+CBM2	Y(1-46)	3
A0A0T1T158|unreviewed|CBM2	1.14.99.54|1.14.99.53	AA10(42-231)+CBM2(257-346)	AA10_e30+CBM2_e70	AA10+CBM2	Y(1-42)	3
A0A0U3F2Q4|unreviewed|CBM2	1.14.99.54|1.14.99.53	AA10(48-237)+CBM2(263-352)	AA10_e30+CBM2_e70	AA10+CBM2	Y(1-48)	3
A0A0X3W8Z9|unreviewed|CBM2	1.14.99.54|1.14.99.53	AA10(54-244)+CBM2(278-368)	AA10_e30+CBM2_e70	AA10+CBM2	N	3
A0A0X3XDW5|unreviewed|CBM2	1.14.99.54|1.14.99.53	AA10(48-239)+CBM2(272-361)	AA10_e30+CBM2_e70	AA10+CBM2	Y(1-21)	3
A0A0X3XXY6|unreviewed|CBM2	1.14.99.54|1.14.99.53	AA10(35-225)+CBM2(259-346)	AA10_e30+CBM2_e70	AA10+CBM2	Y(1-35)	3
A0A101JBR4|unreviewed|CBM2	1.14.99.54|1.14.99.53	AA10(52-241)+CBM2(267-357)	AA10_e30+CBM2_e70	AA10+CBM2	Y(1-52)	3
A0A101JC44|unreviewed|CBM2	1.14.99.54|1.14.99.53	AA10(28-221)+CBM2(263-355)	AA10_e30+CBM2_e70	AA10+CBM2	Y(1-28)	3
A0A101N292|unreviewed|CBM2	1.14.99.54|1.14.99.53	AA10(34-223)+CBM2(249-338)	AA10_e30+CBM2_e70	AA10+CBM2	Y(1-34)	3
A0A101S2S8|unreviewed|CBM2	1.14.99.54|1.14.99.53	AA10(34-223)+CBM2(249-338)	AA10_e30+CBM2_e70	AA10+CBM2	Y(1-34)	3
A0A101S8A0|unreviewed|CBM2	1.14.99.54|1.14.99.53	AA10(34-223)+CBM2(249-338)	AA10_e30+CBM2_e70	AA10+CBM2	Y(1-34)	3
A0A101TD05|unreviewed|CBM2	1.14.99.54|1.14.99.53	AA10(47-236)+CBM2(262-349)	AA10_e30+CBM2_e70	AA10+CBM2	Y(1-40)	3
A0A101U3L4|unreviewed|CBM2	1.14.99.54|1.14.99.53	AA10(53-242)+CBM2(268-355)	AA10_e30+CBM2_e70	AA10+CBM2	N	3
A0A101UKG3|unreviewed|CBM2	1.14.99.54|1.14.99.53	AA10(45-234)+CBM2(260-349)	AA10_e30+CBM2_e70	AA10+CBM2	Y(1-45)	3
A0A109IF81|unreviewed|Chitin-binding	1.14.99.54|1.14.99.53	AA10(33-221)+CBM2(280-374)	AA10_e30+CBM2_e70	AA10+CBM2	Y(1-33)	3
A0A117ED20|unreviewed|CBM2	1.14.99.54|1.14.99.53	AA10(45-234)+CBM2(260-349)	AA10_e30+CBM2_e70	AA10+CBM2	Y(1-45)	3
A0A117PAX1|unreviewed|CBM2	1.14.99.54|1.14.99.53	AA10(10-199)+CBM2(225-315)	AA10_e30+CBM2_e70	AA10+CBM2	N	3
A0A117PWN3|unreviewed|CBM2	1.14.99.54|1.14.99.53	AA10(52-241)+CBM2(266-360)	AA10_e30+CBM2_e70	AA10+CBM2	N	3
A0A117QH13|unreviewed|CBM2	1.14.99.54|1.14.99.53	AA10(34-224)+CBM2(263-353)	AA10_e30+CBM2_e70	AA10+CBM2	Y(1-34)	3
A0A117QKD5|unreviewed|CBM2	1.14.99.54|1.14.99.53	AA10(34-224)+CBM2(279-368)	AA10_e30+CBM2_e70	AA10+CBM2	Y(1-34)	3
A0A117S1U4|unreviewed|CBM2	1.14.99.54|1.14.99.53	AA10(20-209)+CBM2(235-324)	AA10_e30+CBM2_e70	AA10+CBM2	N	3
A0A124I5A2|unreviewed|CBM2	1.14.99.54|1.14.99.53	AA10(45-234)+CBM2(260-349)	AA10_e30+CBM2_e70	AA10+CBM2	Y(1-45)	3
A0A136PIB4|unreviewed|CBM2	1.14.99.54|1.14.99.53	CBM2(3-95)	CBM2_e70	N	N	2
A0A143C8G4|unreviewed|CBM2	1.14.99.54|1.14.99.53	AA10(40-229)+CBM2(255-344)	AA10_e30+CBM2_e70	AA10+CBM2	Y(1-40)	3
A0A154M7P3|unreviewed|CBM2	1.14.99.54|1.14.99.53	AA10(32-220)+CBM2(254-349)	AA10_e30+CBM2_e70	AA10+CBM2	Y(1-32)	3
A0A160NSZ7|unreviewed|CBM2	1.14.99.54|1.14.99.53	AA10(53-243)+CBM2(289-379)	AA10_e30+CBM2_e70	AA10+CBM2	N	3
A0A161LNA8|unreviewed|CBM2	-	CBM2(81-173)	CBM2_e10	N	Y(1-63)	2
A0A177HGZ4|unreviewed|CBM2	1.14.99.54|1.14.99.53	AA10(34-224)+CBM2(259-349)	AA10_e30+CBM2_e70	AA10+CBM2	Y(1-34)	3
A0A177HRM1|unreviewed|CBM2	1.14.99.54|1.14.99.53	CBM2(1-72)	CBM2_e70	N	N	2
A0A191UU67|unreviewed|Chitin-binding	1.14.99.54|1.14.99.53	AA10(35-225)+CBM2(265-354)	AA10_e30+CBM2_e70	AA10+CBM2	Y(1-35)	3
A0A193C424|unreviewed|CBM2	1.14.99.54|1.14.99.53	AA10(32-220)+CBM2(254-349)	AA10_e30+CBM2_e70	AA10+CBM2	Y(1-32)	3
A0A1A5PEJ3|unreviewed|CBM2	1.14.99.54|1.14.99.53	CBM2(1-72)	CBM2_e70	N	N	2
A0A1A8ZJN3|unreviewed|CBM2	1.14.99.54|1.14.99.53	AA10(33-222)+CBM2(281-376)	AA10_e30+CBM2_e70	AA10+CBM2	Y(1-23)	3
A0A1A8ZUC8|unreviewed|CBM2	1.14.99.54|1.14.99.53	AA10(34-223)+CBM2(283-378)	AA10_e30+CBM2_e70	AA10+CBM2	Y(1-34)	3
A0A1A9B8X5|unreviewed|CBM2	1.14.99.54|1.14.99.53	AA10(33-222)+CBM2(277-372)	AA10_e30+CBM2_e70	AA10+CBM2	Y(1-23)	3
A0A1A9BMT8|unreviewed|CBM2	1.14.99.54|1.14.99.53	AA10(35-225)+CBM2(260-349)	AA10_e30+CBM2_e70	AA10+CBM2	Y(1-35)	3
A0A1A9BT07|unreviewed|CBM2	1.14.99.54|1.14.99.53	AA10(52-241)+CBM2(267-356)	AA10_e30+CBM2_e70	AA10+CBM2	N	3
A0A1A9DCP7|unreviewed|CBM2	1.14.99.54|1.14.99.53	AA10(34-224)+CBM2(261-349)	AA10_e30+CBM2_e70	AA10+CBM2	Y(1-34)	3
A0A1B1MJ72|unreviewed|Cellulose	1.14.99.54|1.14.99.53	AA10(50-239)+CBM2(265-354)	AA10_e30+CBM2_e70	AA10+CBM2	Y(1-50)	3
A0A1B1MK21|unreviewed|Putative	1.14.99.54|1.14.99.53	AA10(35-225)+CBM2(263-351)	AA10_e30+CBM2_e70	AA10+CBM2	Y(1-35)	3
A0A1C3NDX3|unreviewed|CBM2	1.14.99.54|1.14.99.53	AA10(33-222)+CBM2(261-356)	AA10_e30+CBM2_e70	AA10+CBM2	Y(1-23)	3
A0A1C4NTP0|unreviewed|CBM2	1.14.99.54|1.14.99.53	AA10(45-234)+CBM2(260-349)	AA10_e30+CBM2_e70	AA10+CBM2	Y(1-45)	3
A0A1C4S8W3|unreviewed|CBM2	1.14.99.54|1.14.99.53	CBM2(2-87)	CBM2_e70	N	N	2
A0A1C4TZA8|unreviewed|CBM2	1.14.99.54|1.14.99.53	AA10(33-221)+CBM2(279-372)	AA10_e30+CBM2_e70	AA10+CBM2	Y(1-33)	3
A0A1C4UYG2|unreviewed|CBM2	1.14.99.54|1.14.99.53	AA10(33-222)+CBM2(272-367)	AA10_e30+CBM2_e70	AA10+CBM2	Y(1-23)	3
A0A1C4VPR2|unreviewed|CBM2	1.14.99.54|1.14.99.53	AA10(33-222)+CBM2(276-366)	AA10_e30+CBM2_e70	AA10+CBM2	Y(1-35)	3
A0A1C4X088|unreviewed|CBM2	1.14.99.54|1.14.99.53	AA10(33-222)+CBM2(275-370)	AA10_e30+CBM2_e70	AA10+CBM2	Y(1-25)	3
A0A1C4X6A4|unreviewed|CBM2	1.14.99.54|1.14.99.53	AA10(33-222)+CBM2(278-371)	AA10_e30+CBM2_e70	AA10+CBM2	Y(1-33)	3
A0A1C4X6H2|unreviewed|CBM2	1.14.99.54|1.14.99.53	AA10(33-222)+CBM2(277-366)	AA10_e30+CBM2_e70	AA10+CBM2	Y(1-35)	3
A0A1C4XF93|unreviewed|CBM2	1.14.99.54|1.14.99.53	AA10(33-222)+CBM2(276-370)	AA10_e30+CBM2_e70	AA10+CBM2	Y(1-31)	3
A0A1C4YZ29|unreviewed|CBM2	1.14.99.54|1.14.99.53	AA10(33-221)+CBM2(273-368)	AA10_e30+CBM2_e70	AA10+CBM2	Y(1-33)	3
A0A1C4ZFX9|unreviewed|CBM2	1.14.99.54|1.14.99.53	AA10(33-222)+CBM2(276-371)	AA10_e30+CBM2_e70	AA10+CBM2	Y(1-33)	3
A0A1C5CJS1|unreviewed|CBM2	1.14.99.54|1.14.99.53	AA10(39-228)+CBM2(259-350)	AA10_e30+CBM2_e70	AA10+CBM2	Y(1-39)	3
A0A1C5E9F6|unreviewed|CBM2	1.14.99.54|1.14.99.53	AA10(34-224)+CBM2(263-355)	AA10_e30+CBM2_e70	AA10+CBM2	Y(1-34)	3
A0A1C5F0B6|unreviewed|CBM2	1.14.99.54|1.14.99.53	AA10(39-230)+CBM2(265-354)	AA10_e30+CBM2_e70	AA10+CBM2	Y(1-39)	3
A0A1C5G673|unreviewed|CBM2	1.14.99.54|1.14.99.53	AA10(34-223)+CBM2(272-363)	AA10_e30+CBM2_e70	AA10+CBM2	Y(1-34)	3
A0A1C5HCU1|unreviewed|CBM2	1.14.99.54|1.14.99.53	AA10(34-223)+CBM2(268-363)	AA10_e30+CBM2_e70	AA10+CBM2	Y(1-32)	3
A0A1C5HGD5|unreviewed|CBM2	1.14.99.54|1.14.99.53	AA10(33-222)+CBM2(268-363)	AA10_e30+CBM2_e70	AA10+CBM2	Y(1-33)	3
A0A1C5J9A0|unreviewed|CBM2	1.14.99.54|1.14.99.53	AA10(33-222)+CBM2(268-364)	AA10_e30+CBM2_e70	AA10+CBM2	Y(1-33)	3
A0A1C5JCZ9|unreviewed|CBM2	1.14.99.54|1.14.99.53	AA10(33-222)+CBM2(280-374)	AA10_e30+CBM2_e70	AA10+CBM2	Y(1-33)	3
A0A1C5JG03|unreviewed|CBM2	1.14.99.54|1.14.99.53	AA10(33-222)+CBM2(279-374)	AA10_e30+CBM2_e70	AA10+CBM2	Y(1-33)	3
A0A1C6NPM5|unreviewed|CBM2	1.14.99.54|1.14.99.53	AA10(35-225)+CBM2(263-352)	AA10_e30+CBM2_e70	AA10+CBM2	Y(1-35)	3
A0A1C6REB9|unreviewed|CBM2	1.14.99.54|1.14.99.53	AA10(34-223)+CBM2(274-368)	AA10_e30+CBM2_e70	AA10+CBM2	Y(1-34)	3
A0A1C6TMZ0|unreviewed|Chitin-binding	1.14.99.54|1.14.99.53	AA10(33-222)+CBM2(278-373)	AA10_e30+CBM2_e70	AA10+CBM2	Y(1-33)	3
A0A1C6UY95|unreviewed|CBM2	1.14.99.54|1.14.99.53	AA10(33-222)+CBM2(275-369)	AA10_e30+CBM2_e70	AA10+CBM2	Y(1-31)	3
A0A1C6V3F7|unreviewed|CBM2	1.14.99.54|1.14.99.53	AA10(34-223)+CBM2(270-365)	AA10_e30+CBM2_e70	AA10+CBM2	Y(1-34)	3
A0A1C6VSE1|unreviewed|CBM2	1.14.99.54|1.14.99.53	AA10(34-222)+CBM2(277-371)	AA10_e30+CBM2_e70	AA10+CBM2	Y(1-32)	3
A0A1C6VUE8|unreviewed|CBM2	1.14.99.54|1.14.99.53	AA10(34-223)+CBM2(269-363)	AA10_e30+CBM2_e70	AA10+CBM2	Y(1-32)	3
A0A1C6VZ30|unreviewed|CBM2	1.14.99.54|1.14.99.53	AA10(33-222)+CBM2(274-369)	AA10_e30+CBM2_e70	AA10+CBM2	Y(1-23)	3
A0A1D2IC32|unreviewed|CBM2	1.14.99.54|1.14.99.53	AA10(50-239)+CBM2(266-353)	AA10_e30+CBM2_e70	AA10+CBM2	N	3
A0A1G6XU98|unreviewed|CBM2	1.14.99.54|1.14.99.53	AA10(34-224)+CBM2(258-348)	AA10_e30+CBM2_e70	AA10+CBM2	Y(1-34)	3
A0A1G7LAX5|unreviewed|CBM2	1.14.99.54|1.14.99.53	AA10(54-243)+CBM2(283-372)	AA10_e30+CBM2_e70	AA10+CBM2	Y(1-54)	3
A0A1G9GLA5|unreviewed|CBM2	1.14.99.54|1.14.99.53	AA10(35-225)+CBM2(264-361)	AA10_e30+CBM2_e70	AA10+CBM2	Y(1-35)	3
A0A1H0UE59|unreviewed|CBM2	1.14.99.54|1.14.99.53	AA10(52-241)+CBM2(267-356)	AA10_e30+CBM2_e70	AA10+CBM2	N	3
A0A1H1HQK6|unreviewed|CBM2	1.14.99.54|1.14.99.53	AA10(32-218)+CBM2(270-362)	AA10_e30+CBM2_e70	AA10+CBM2	Y(1-32)	3
A0A1H2A653|unreviewed|CBM2	1.14.99.54|1.14.99.53	AA10(28-221)+CBM2(260-352)	AA10_e30+CBM2_e70	AA10+CBM2	Y(1-28)	3
A0A1H3U128|unreviewed|CBM2	1.14.99.54|1.14.99.53	AA10(32-221)+CBM2(273-369)	AA10_e30+CBM2_e70	AA10+CBM2	Y(1-32)	3
A0A1H4MPI4|unreviewed|CBM2	1.14.99.54|1.14.99.53	AA10(35-225)+CBM2(271-360)	AA10_e30+CBM2_e70	AA10+CBM2	Y(1-35)	3
A0A1H4UNL4|unreviewed|CBM2	1.14.99.54|1.14.99.53	AA10(32-220)+CBM2(274-368)	AA10_e30+CBM2_e70	AA10+CBM2	Y(1-32)	3
A0A1H4V5V5|unreviewed|CBM2	1.14.99.54|1.14.99.53	AA10(48-239)+CBM2(272-361)	AA10_e30+CBM2_e70	AA10+CBM2	Y(1-21)	3
A0A1H4ZSF1|unreviewed|CBM2	1.14.99.54|1.14.99.53	AA10(18-208)+CBM2(248-338)	AA10_e30+CBM2_e70	AA10+CBM2	Y(1-18)	3
A0A1H4ZWN5|unreviewed|CBM2	1.14.99.54|1.14.99.53	AA10(54-243)+CBM2(269-357)	AA10_e30+CBM2_e70	AA10+CBM2	N	3
A0A1H5KIZ9|unreviewed|CBM2	1.14.99.54|1.14.99.53	AA10(48-237)+CBM2(263-352)	AA10_e30+CBM2_e70	AA10+CBM2	Y(1-48)	3
A0A1H5QAP9|unreviewed|CBM2	1.14.99.54|1.14.99.53	AA10(32-220)+CBM2(255-350)	AA10_e30+CBM2_e70	AA10+CBM2	Y(1-32)	3
A0A1H6E7U5|unreviewed|CBM2	1.14.99.54|1.14.99.53	AA10(38-228)+CBM2(299-386)	AA10_e30+CBM2_e70	AA10+CBM2	Y(1-38)	3
A0A1H8KKL1|unreviewed|CBM2	1.14.99.54|1.14.99.53	AA10(42-232)+CBM2(277-362)	AA10_e30+CBM2_e70	AA10+CBM2	Y(1-42)	3
A0A1H9MNU2|unreviewed|CBM2	1.14.99.54|1.14.99.53	AA10(23-212)+CBM2(238-327)	AA10_e30+CBM2_e70	AA10+CBM2	Y(1-23)	3
A0A1I2H0R2|unreviewed|CBM2	1.14.99.54|1.14.99.56|1.14.99.53	AA10(29-222)+CBM2(273-362)	AA10_e30+CBM2_e95	AA10+CBM2	Y(1-29)	3
A0A1I2I489|unreviewed|CBM2	1.14.99.54|1.14.99.53	AA10(33-223)+CBM2(275-367)	AA10_e30+CBM2_e70	AA10+CBM2	Y(1-33)	3
A0A1I3ZA19|unreviewed|CBM2	1.14.99.54|1.14.99.53	CBM2(81-171)	CBM2_e70	N	Y(1-36)	2
A0A1I4UPE0|unreviewed|CBM2	1.14.99.54|1.14.99.53	AA10(45-234)+CBM2(260-349)	AA10_e30+CBM2_e70	AA10+CBM2	Y(1-45)	3
A0A1I5H7M7|unreviewed|CBM2	1.14.99.54|1.14.99.53	AA10(33-224)+CBM2(254-343)	AA10_e30+CBM2_e70	AA10+CBM2	Y(1-33)	3
A0A1K1S8U9|unreviewed|CBM2	1.14.99.54|1.14.99.53	AA10(32-220)+CBM2(265-360)	AA10_e30+CBM2_e70	AA10+CBM2	Y(1-32)	3
A0A1M5WBK1|unreviewed|CBM2	1.14.99.54|1.14.99.53	AA10(46-235)+CBM2(261-350)	AA10_e30+CBM2_e70	AA10+CBM2	Y(1-46)	3
A0A1M7PUW2|unreviewed|CBM2	1.14.99.54|1.14.99.53	AA10(33-223)+CBM2(288-374)	AA10_e30+CBM2_e70	AA10+CBM2	Y(1-33)	3
A0A1N5YC88|unreviewed|CBM2	1.14.99.54|1.14.99.53	AA10(33-222)	AA10_e30	AA10+CBM2	Y(1-25)	3
A0A1N7GYN2|unreviewed|CBM2	1.14.99.54|1.14.99.53|-	AA10(46-229)+CBM2(268-354)	AA10_e30+CBM2_e10	AA10+CBM2	Y(1-46)	3
A0A1Q4XVB4|unreviewed|CBM2	1.14.99.54|1.14.99.53	AA10(37-226)+CBM2(280-374)	AA10_e30+CBM2_e70	AA10+CBM2	Y(1-37)	3
A0A1Q4ZTW8|unreviewed|CBM2	1.14.99.54|1.14.99.53	AA10(33-221)+CBM2(269-364)	AA10_e30+CBM2_e70	AA10+CBM2	Y(1-23)	3
A0A1Q5C6X6|unreviewed|CBM2	1.14.99.54|1.14.99.53	AA10(35-225)+CBM2(264-352)	AA10_e30+CBM2_e70	AA10+CBM2	Y(1-35)	3
A0A1Q5DD56|unreviewed|CBM2	1.14.99.54|1.14.99.53	AA10(45-234)+CBM2(262-348)	AA10_e30+CBM2_e70	AA10+CBM2	Y(1-45)	3
A0A1Q5E904|unreviewed|CBM2	1.14.99.54|1.14.99.53	AA10(35-225)+CBM2(268-356)	AA10_e30+CBM2_e70	AA10+CBM2	Y(1-35)	3
A0A1Q5GT93|unreviewed|CBM2	1.14.99.54|1.14.99.53	AA10(35-224)+CBM2(281-376)	AA10_e30+CBM2_e70	AA10+CBM2	Y(1-25)	3
A0A1Q5JAF6|unreviewed|CBM2	1.14.99.54|1.14.99.53	AA10(35-225)+CBM2(273-362)	AA10_e30+CBM2_e70	AA10+CBM2	Y(1-35)	3
A0A1Q5JV26|unreviewed|CBM2	1.14.99.54|1.14.99.53	AA10(35-225)+CBM2(264-352)	AA10_e30+CBM2_e70	AA10+CBM2	Y(1-35)	3
A0A1Q5L5D2|unreviewed|CBM2	1.14.99.54|1.14.99.53	AA10(35-225)+CBM2(257-345)	AA10_e30+CBM2_e70	AA10+CBM2	Y(1-35)	3
A0A1Q5LDU1|unreviewed|CBM2	1.14.99.54|1.14.99.53	AA10(35-225)+CBM2(279-368)	AA10_e30+CBM2_e70	AA10+CBM2	Y(1-35)	3
A0A1Q5LMI0|unreviewed|CBM2	1.14.99.54|1.14.99.53	AA10(34-224)+CBM2(262-350)	AA10_e30+CBM2_e70	AA10+CBM2	Y(1-34)	3
A0A1Q5MJ63|unreviewed|CBM2	1.14.99.54|1.14.99.53	AA10(21-210)+CBM2(238-327)	AA10_e30+CBM2_e70	AA10+CBM2	N	3
A0A1Q8U0B7|unreviewed|CBM2	1.14.99.54|1.14.99.53	AA10(35-225)+CBM2(261-349)	AA10_e30+CBM2_e70	AA10+CBM2	Y(1-35)	3
A0A1R1SRP3|unreviewed|CBM2	1.14.99.54|1.14.99.53	AA10(45-236)+CBM2(273-360)	AA10_e30+CBM2_e70	AA10+CBM2	Y(1-43)	3
A0A1S6JGL7|unreviewed|CBM2	1.14.99.54|1.14.99.53	AA10(39-229)+CBM2(269-357)	AA10_e30+CBM2_e70	AA10+CBM2	N	3
A0A1S8XPX9|unreviewed|CBM2	1.14.99.54|1.14.99.53	AA10(33-222)+CBM2(276-366)	AA10_e30+CBM2_e70	AA10+CBM2	Y(1-35)	3
A0A1V2QPX7|unreviewed|CBM2	1.14.99.54|1.14.99.53	AA10(34-223)+CBM2(274-368)	AA10_e30+CBM2_e70	AA10+CBM2	Y(1-34)	3
A0A1V4DXM8|unreviewed|CBM2	1.14.99.54|1.14.99.53	AA10(50-239)+CBM2(265-354)	AA10_e30+CBM2_e70	AA10+CBM2	Y(1-50)	3
A0A1X1ND28|unreviewed|CBM2	1.14.99.54|1.14.99.53	AA10(40-229)+CBM2(261-352)	AA10_e30+CBM2_e70	AA10+CBM2	Y(1-40)	3
A0A1X4I2P9|unreviewed|CBM2	1.14.99.54|1.14.99.53	AA10(50-239)+CBM2(267-355)	AA10_e30+CBM2_e70	AA10+CBM2	Y(1-50)	3
A0A1X4IES0|unreviewed|CBM2	1.14.99.54|1.14.99.53	AA10(34-224)+CBM2(257-347)	AA10_e30+CBM2_e70	AA10+CBM2	N	3
A0A1Z9B5K6|unreviewed|CBM2	-	AA10(38-218)	AA10_e0	N	Y(1-38)	2
A0A209B6I5|unreviewed|CBM2	1.14.99.54|1.14.99.53	AA10(35-225)+CBM2(264-352)	AA10_e30+CBM2_e70	AA10+CBM2	Y(1-35)	3
A0A222T3I3|unreviewed|CBM2	1.14.99.54|1.14.99.53	AA10(48-239)+CBM2(272-361)	AA10_e30+CBM2_e70	AA10+CBM2	Y(1-48)	3
A0A229H4U8|unreviewed|CBM2	1.14.99.54|1.14.99.53	AA10(48-239)+CBM2(269-358)	AA10_e30+CBM2_e70	AA10+CBM2	N	3
A0A229TFR0|unreviewed|CBM2	1.14.99.54|1.14.99.53	AA10(32-220)+CBM2(256-350)	AA10_e30+CBM2_e70	AA10+CBM2	Y(1-32)	3
A0A231PMJ8|unreviewed|CBM2	1.14.99.54|1.14.99.53	AA10(35-225)+CBM2(263-359)	AA10_e30+CBM2_e70	AA10+CBM2	Y(1-35)	3
A0A233RZU0|unreviewed|CBM2	1.14.99.54|1.14.99.53	AA10(51-240)+CBM2(266-355)	AA10_e30+CBM2_e70	AA10+CBM2	N	3
A0A239A207|unreviewed|CBM2	1.14.99.54|1.14.99.56|1.14.99.53	AA10(27-220)+CBM2(262-352)	AA10_e30+CBM2_e95	AA10+CBM2	Y(1-27)	3
A0A239BC39|unreviewed|CBM2	1.14.99.54|1.14.99.53	CBM2(97-186)	CBM2_e70	N	Y(1-35)	2
A0A239KBY1|unreviewed|CBM2	1.14.99.54|1.14.99.53	AA10(20-211)+CBM2(250-339)	AA10_e30+CBM2_e70	AA10+CBM2	Y(1-20)	3
A0A239P7B2|unreviewed|CBM2	1.14.99.54|1.14.99.53	AA10(32-221)+CBM2(269-365)	AA10_e30+CBM2_e70	AA10+CBM2	Y(1-32)	3
A0A243S0Z4|unreviewed|CBM2	1.14.99.54|1.14.99.53	AA10(10-199)+CBM2(225-314)	AA10_e30+CBM2_e70	AA10+CBM2	N	3
A0A246RI57|unreviewed|CBM2	1.14.99.54|1.14.99.53	AA10(33-221)+CBM2(280-374)	AA10_e30+CBM2_e70	AA10+CBM2	Y(1-28)	3
A0A248YQP5|unreviewed|CBM2	1.14.99.54|1.14.99.53	AA10(32-221)+CBM2(290-385)	AA10_e30+CBM2_e70	AA10+CBM2	Y(1-32)	3
A0A250VIF1|unreviewed|CBM2	1.14.99.54|1.14.99.53	AA10(73-262)+CBM2(288-377)	AA10_e30+CBM2_e70	AA10+CBM2	N	3
A0A255P473|unreviewed|CBM2	1.14.99.54|1.14.99.53	AA10(34-224)+CBM2(259-349)	AA10_e30+CBM2_e70	AA10+CBM2	Y(1-34)	3
A0A285CAG2|unreviewed|CBM2	1.14.99.54|1.14.99.53	AA10(50-239)+CBM2(265-354)	AA10_e30+CBM2_e70	AA10+CBM2	Y(1-50)	3
A0A285J436|unreviewed|CBM2	1.14.99.54|1.14.99.53	AA10(30-223)+CBM2(269-356)	AA10_e30+CBM2_e70	AA10+CBM2	Y(1-30)	3
A0A286CQN1|unreviewed|CBM2	1.14.99.54|1.14.99.53	AA10(40-229)+CBM2(255-344)	AA10_e30+CBM2_e70	AA10+CBM2	Y(1-40)	3
A0A286EDV4|unreviewed|CBM2	1.14.99.54|1.14.99.53	AA10(45-234)+CBM2(260-349)	AA10_e30+CBM2_e70	AA10+CBM2	N	3
A0A286FEU9|unreviewed|CBM2	1.14.99.54|1.14.99.53	AA10(51-192)+CBM2(236-326)	AA10_e30+CBM2_e70	AA10+CBM2	N	3
A0A2A3GXM8|unreviewed|CBM2	1.14.99.54|1.14.99.53	AA10(49-238)+CBM2(264-352)	AA10_e30+CBM2_e70	AA10+CBM2	Y(1-42)	3
A0A2C9ZMF8|unreviewed|CBM2	-	CBM2(78-168)	CBM2_e10	N	Y(1-33)	2
A0A2I0SVQ9|unreviewed|CBM2	1.14.99.54|1.14.99.53	AA10(56-245)+CBM2(271-359)	AA10_e30+CBM2_e70	AA10+CBM2	N	3
A0A2J7YW15|unreviewed|CBM2	1.14.99.54|1.14.99.53	AA10(39-230)+CBM2(265-353)	AA10_e30+CBM2_e70	AA10+CBM2	Y(1-39)	3
A0A2K2RCH6|unreviewed|CBM2	1.14.99.54|1.14.99.53	AA10(34-224)+CBM2(260-350)	AA10_e30+CBM2_e70	AA10+CBM2	Y(1-34)	3
A0A2M9ISG3|unreviewed|CBM2	1.14.99.54|1.14.99.53	AA10(34-224)+CBM2(278-370)	AA10_e30+CBM2_e70	AA10+CBM2	Y(1-34)	3
A0A2M9L431|unreviewed|CBM2	1.14.99.54|1.14.99.53	AA10(33-223)+CBM2(267-357)	AA10_e30+CBM2_e70	AA10+CBM2	Y(1-33)	3
A0A2N8TGG3|unreviewed|CBM2	1.14.99.54|1.14.99.53	AA10(40-229)+CBM2(255-344)	AA10_e30+CBM2_e70	AA10+CBM2	Y(1-40)	3
A0A2N9B4Z5|unreviewed|CBM2	1.14.99.54|1.14.99.53	AA10(50-239)+CBM2(265-354)	AA10_e30+CBM2_e70	AA10+CBM2	N	3
A0A2P8B243|unreviewed|CBM2	1.14.99.54|1.14.99.53	AA10(33-222)+CBM2(274-369)	AA10_e30+CBM2_e70	AA10+CBM2	Y(1-25)	3
A0A2P8I1Y2|unreviewed|Endoglucanase|taxID:1280637	3.2.1.78|-	GH5_8(39-293)+CBM2(438-538)	GH5_e22+CBM2_e31	CBM2+GH5_8	Y(1-29)	3
A0A2P8I3D4|unreviewed|CBM2	1.14.99.54|1.14.99.53	AA10(34-223)+CBM2(280-374)	AA10_e30+CBM2_e70	AA10+CBM2	Y(1-34)	3
A0A2P8PU97|unreviewed|CBM2	1.14.99.54|1.14.99.53	AA10(69-258)+CBM2(284-373)	AA10_e30+CBM2_e70	AA10+CBM2	N	3
A0A2P9EVE1|unreviewed|CBM2	1.14.99.54|1.14.99.53	AA10(45-234)+CBM2(260-349)	AA10_e30+CBM2_e70	AA10+CBM2	Y(1-45)	3
A0A2R4JTC3|unreviewed|CBM2	1.14.99.54|1.14.99.53	AA10(46-235)+CBM2(261-350)	AA10_e30+CBM2_e70	AA10+CBM2	Y(1-46)	3
A0A2S2G7Y2|unreviewed|CBM2	1.14.99.54|1.14.99.53	AA10(34-224)+CBM2(261-350)	AA10_e30+CBM2_e70	AA10+CBM2	Y(1-34)	3
A0A2S4YGN7|unreviewed|CBM2	1.14.99.54|1.14.99.53	AA10(34-224)+CBM2(261-350)	AA10_e30+CBM2_e70	AA10+CBM2	Y(1-34)	3
A0A2S4ZFR0|unreviewed|CBM2	1.14.99.54|1.14.99.53	AA10(34-224)+CBM2(259-349)	AA10_e30+CBM2_e70	AA10+CBM2	Y(1-34)	3
A0A2S6WXG5|unreviewed|CBM2	1.14.99.54|1.14.99.53	AA10(51-240)+CBM2(266-354)	AA10_e30+CBM2_e70	AA10+CBM2	N	3
A0A2S6X9H8|unreviewed|CBM2	1.14.99.54|1.14.99.53	AA10(35-225)+CBM2(264-352)	AA10_e30+CBM2_e70	AA10+CBM2	Y(1-35)	3
A0A2T0K7G6|unreviewed|CBM2	1.14.99.54|1.14.99.53	AA10(29-222)+CBM2(276-366)	AA10_e30+CBM2_e70	AA10+CBM2	Y(1-29)	3
A0A2T0SIB1|unreviewed|CBM2	1.14.99.54|1.14.99.53|-	AA10(30-222)+CBM2(262-354)	AA10_e30+CBM2_e35	AA10+CBM2	Y(1-30)	3
A0A2T0UIF0|unreviewed|CBM2	1.14.99.54|1.14.99.56|-	AA10(41-233)+CBM2(276-364)	AA10_e50+CBM2_e125	AA10+CBM2	Y(1-43)	3
A0A2T4NRM3|unreviewed|CBM2	1.14.99.54|1.14.99.53	AA10(40-229)+CBM2(255-344)	AA10_e30+CBM2_e70	AA10+CBM2	Y(1-40)	3
A0A2T7J2G8|unreviewed|CBM2	1.14.99.54|1.14.99.53	AA10(35-225)+CBM2(265-354)	AA10_e30+CBM2_e70	AA10+CBM2	Y(1-35)	3
A0A2T7SMA3|unreviewed|CBM2	1.14.99.54|1.14.99.53	AA10(42-231)+CBM2(260-349)	AA10_e30+CBM2_e70	AA10+CBM2	Y(1-42)	3
A0A2U2Z184|unreviewed|CBM2	1.14.99.54|1.14.99.53	AA10(50-239)+CBM2(266-356)	AA10_e30+CBM2_e70	AA10+CBM2	N	3
A0A2U2Z951|unreviewed|CBM2	1.14.99.54|1.14.99.53	AA10(34-224)+CBM2(259-349)	AA10_e30+CBM2_e70	AA10+CBM2	Y(1-34)	3
A0A2U3A7F9|unreviewed|CBM2	1.14.99.54|1.14.99.53	AA10(37-226)+CBM2(252-341)	AA10_e30+CBM2_e70	AA10+CBM2	Y(1-37)	3
A0A2U3H1U1|unreviewed|CBM2	1.14.99.54|1.14.99.53	AA10(34-224)+CBM2(261-351)	AA10_e30+CBM2_e70	AA10+CBM2	Y(1-34)	3
A0A2U9P8A1|unreviewed|CBM2	1.14.99.54|1.14.99.53	AA10(47-236)+CBM2(262-349)	AA10_e30+CBM2_e70	AA10+CBM2	Y(1-47)	3
A0A2U9P9N0|unreviewed|CBM2	1.14.99.54|1.14.99.53	AA10(34-224)+CBM2(276-365)	AA10_e30+CBM2_e70	AA10+CBM2	Y(1-34)	3
A0A2V1NXS0|unreviewed|CBM2	1.14.99.54|1.14.99.53	AA10(42-231)+CBM2(257-346)	AA10_e30+CBM2_e70	AA10+CBM2	Y(1-42)	3
A0A2V2PT23|unreviewed|CBM2	1.14.99.54|1.14.99.53	AA10(35-225)+CBM2(263-352)	AA10_e30+CBM2_e70	AA10+CBM2	Y(1-35)	3
A0A2W2C5N1|unreviewed|CBM2	1.14.99.54|1.14.99.53	CBM2(7-101)	CBM2_e70	N	N	2
A0A2W2C8Z9|unreviewed|CBM2	1.14.99.54|1.14.99.53	CBM2(25-119)	CBM2_e70	N	N	2
A0A2W2M8E2|unreviewed|CBM2	1.14.99.54|1.14.99.53	AA10(34-224)+CBM2(262-355)	AA10_e30+CBM2_e70	AA10+CBM2	Y(1-34)	3
A0A2Z3V0Y7|unreviewed|CBM2	1.14.99.54|1.14.99.53	CBM2(103-192)	CBM2_e70	N	N	2
A0A2Z5K9Q9|unreviewed|CBM2	1.14.99.54|1.14.99.53	AA10(51-240)+CBM2(266-355)	AA10_e30+CBM2_e70	AA10+CBM2	N	3
A0A316F8T2|unreviewed|CBM2	1.14.99.54|1.14.99.53	AA10(29-222)+CBM2(272-363)	AA10_e30+CBM2_e70	AA10+CBM2	Y(1-29)	3
A0A317DD42|unreviewed|CBM2	1.14.99.54|1.14.99.53	CBM2(18-113)	CBM2_e70	N	N	2
A0A318P1U3|unreviewed|CBM2	1.14.99.54|1.14.99.53	AA10(20-208)+CBM2(267-362)	AA10_e30+CBM2_e70	AA10+CBM2	Y(1-20)	3
A0A327TAW2|unreviewed|CBM2	1.14.99.54|1.14.99.53	AA10(33-223)+CBM2(292-382)	AA10_e30+CBM2_e70	AA10+CBM2	Y(1-33)	3
A0A327UF37|unreviewed|CBM2	1.14.99.54|1.14.99.53	AA10(35-225)+CBM2(264-353)	AA10_e30+CBM2_e70	AA10+CBM2	Y(1-35)	3
A0A327Z2M3|unreviewed|CBM2	1.14.99.54|1.14.99.53	AA10(35-228)+CBM2(290-383)	AA10_e30+CBM2_e70	AA10+CBM2	Y(1-35)	3
A0A328N6K6|unreviewed|CBM2	1.14.99.54|1.14.99.53	AA10(33-221)+CBM2(269-364)	AA10_e30+CBM2_e70	AA10+CBM2	Y(1-33)	3
A0A328NVY7|unreviewed|CBM2	1.14.99.54|1.14.99.53	AA10(33-221)+CBM2(273-368)	AA10_e30+CBM2_e70	AA10+CBM2	Y(1-33)	3
A0A345I1Z8|unreviewed|CBM2	1.14.99.54|1.14.99.53	AA10(40-229)+CBM2(259-352)	AA10_e30+CBM2_e70	AA10+CBM2	Y(1-40)	3
A0A345T3H0|unreviewed|CBM2	1.14.99.54|1.14.99.53	AA10(35-219)+CBM2(258-351)	AA10_e30+CBM2_e70	AA10+CBM2	Y(1-35)	3
A0A345T6Q6|unreviewed|CBM2	1.14.99.54|1.14.99.53	AA10(27-217)+CBM2(275-364)	AA10_e30+CBM2_e70	AA10+CBM2	Y(1-27)	3
A0A346BW49|unreviewed|CBM2	1.14.99.54|1.14.99.53	AA10(35-225)+CBM2(265-353)	AA10_e30+CBM2_e70	AA10+CBM2	Y(1-35)	3
A0A367FGZ3|unreviewed|CBM2	1.14.99.54|1.14.99.53	CBM2(123-216)	CBM2_e70	N	N	2
A0A369VE93|unreviewed|CBM2	1.14.99.54|1.14.99.53	AA10(35-225)+CBM2(265-353)	AA10_e30+CBM2_e70	AA10+CBM2	Y(1-35)	3
A0A370VJ93|unreviewed|CBM2	1.14.99.54|1.14.99.53	AA10(35-225)+CBM2(261-348)	AA10_e30+CBM2_e70	AA10+CBM2	Y(1-35)	3
A0A386WEM8|unreviewed|CBM2	1.14.99.54|1.14.99.53	AA10(33-222)+CBM2(279-374)	AA10_e30+CBM2_e70	AA10+CBM2	Y(1-33)	3
A0A3A9TC94|unreviewed|HD	3.2.1.4|3.2.1.-	CBM2(59-155)	CBM2_e118	N	N	2
A0A3A9ZQX1|unreviewed|CBM2	1.14.99.54|1.14.99.53	AA10(34-222)+CBM2(282-376)	AA10_e30+CBM2_e70	AA10+CBM2	Y(1-32)	3
A0A3B0A4Z7|unreviewed|CBM2	1.14.99.54|1.14.99.53	AA10(33-222)+CBM2(261-356)	AA10_e30+CBM2_e70	AA10+CBM2	Y(1-33)	3
A0A3D0QQI1|unreviewed|Beta-xylanase|taxID:1931	3.2.1.8	GH10(50-344)+CBM2(367-458)	GH10_e90+CBM2_e115	CBM2+GH10	Y(1-45)	3
A0A3D9ZXB4|unreviewed|CBM2	1.14.99.54|1.14.99.53	AA10(32-221)+CBM2(271-367)	AA10_e30+CBM2_e70	AA10+CBM2	Y(1-30)	3
A0A3E2YLI2|unreviewed|CBM2	1.14.99.54|1.14.99.53	AA10(33-222)+CBM2(280-374)	AA10_e30+CBM2_e70	AA10+CBM2	Y(1-31)	3
A0A3L7BKV3|unreviewed|CBM2	1.14.99.54|1.14.99.53	AA10(33-222)+CBM2(254-349)	AA10_e30+CBM2_e70	AA10+CBM2	Y(1-25)	3
A0A3M0I2H2|unreviewed|CBM2	1.14.99.54|1.14.99.53	AA10(50-239)+CBM2(265-354)	AA10_e30+CBM2_e70	AA10+CBM2	N	3
A0A3M8VMX8|unreviewed|CBM2	1.14.99.54|1.14.99.53	AA10(48-239)+CBM2(269-358)	AA10_e30+CBM2_e70	AA10+CBM2	Y(1-48)	3
A0A3N1HG11|unreviewed|CBM2	1.14.99.54|1.14.99.53	AA10(34-223)+CBM2(278-372)	AA10_e30+CBM2_e70	AA10+CBM2	Y(1-34)	3
A0A3N4RD07|unreviewed|CBM2	1.14.99.54|1.14.99.53	AA10(33-223)+CBM2(295-385)	AA10_e30+CBM2_e70	AA10+CBM2	Y(1-33)	3
A0A3N4S215|unreviewed|CBM2	1.14.99.54|1.14.99.53	AA10(55-244)+CBM2(270-359)	AA10_e30+CBM2_e70	AA10+CBM2	Y(1-44)	3
A0A3N4ZXK3|unreviewed|CBM2	1.14.99.54|1.14.99.53	AA10(78-267)+CBM2(293-382)	AA10_e30+CBM2_e70	AA10+CBM2	N	3
A0A3N6GH46|unreviewed|CBM2	1.14.99.54|1.14.99.53	AA10(45-234)+CBM2(262-348)	AA10_e30+CBM2_e70	AA10+CBM2	N	3
A0A3N6GR85|unreviewed|CBM2	1.14.99.54|1.14.99.53	AA10(35-225)+CBM2(263-351)	AA10_e30+CBM2_e70	AA10+CBM2	Y(1-35)	3
A0A3N9VZ64|unreviewed|CBM2	1.14.99.54|1.14.99.53	AA10(31-219)+CBM2(275-370)	AA10_e30+CBM2_e70	AA10+CBM2	Y(1-31)	3
A0A3N9Y8E1|unreviewed|CBM2	1.14.99.54|1.14.99.53	AA10(28-216)+CBM2(266-361)	AA10_e30+CBM2_e70	AA10+CBM2	Y(1-20)	3
A0A3Q8VZF3|unreviewed|CBM2	1.14.99.54|1.14.99.53	AA10(35-225)+CBM2(267-355)	AA10_e30+CBM2_e70	AA10+CBM2	Y(1-35)	3
A0A3Q9BZW5|unreviewed|CBM2	1.14.99.54|1.14.99.53	AA10(50-239)+CBM2(265-354)	AA10_e30+CBM2_e70	AA10+CBM2	Y(1-50)	3
A0A3Q9EXH6|unreviewed|CBM2	1.14.99.54|1.14.99.53	AA10(53-242)+CBM2(268-357)	AA10_e30+CBM2_e70	AA10+CBM2	N	3
A0A3Q9KPZ2|unreviewed|Chitin-binding	1.14.99.54|1.14.99.53	AA10(40-229)+CBM2(255-343)	AA10_e30+CBM2_e70	AA10+CBM2	Y(1-40)	3
A0A3R8R6K2|unreviewed|CBM2	1.14.99.54|1.14.99.53	AA10(34-224)+CBM2(263-355)	AA10_e30+CBM2_e70	AA10+CBM2	Y(1-34)	3
A0A3R9DPN5|unreviewed|CBM2	1.14.99.54|1.14.99.53	AA10(32-220)+CBM2(270-365)	AA10_e30+CBM2_e70	AA10+CBM2	Y(1-32)	3
A0A3R9UDL9|unreviewed|CBM2	1.14.99.54|1.14.99.53	AA10(34-224)+CBM2(262-357)	AA10_e30+CBM2_e70	AA10+CBM2	Y(1-34)	3
A0A3T1B779|unreviewed|CBM2	1.14.99.54|1.14.99.53	AA10(28-221)+CBM2(266-359)	AA10_e30+CBM2_e70	AA10+CBM2	Y(1-28)	3
A0A401M9L2|unreviewed|CBM2	1.14.99.54|1.14.99.53	AA10(52-241)+CBM2(267-356)	AA10_e30+CBM2_e70	AA10+CBM2	N	3
A0A420ET61|unreviewed|CBM2	1.14.99.54|1.14.99.53	AA10(33-222)+CBM2(261-354)	AA10_e30+CBM2_e70	AA10+CBM2	Y(1-66)	3
A0A426TVF0|unreviewed|CBM2	1.14.99.54|1.14.99.53	AA10(34-223)+CBM2(249-338)	AA10_e30+CBM2_e70	AA10+CBM2	Y(1-34)	3
A0A428W1X9|unreviewed|CBM2	1.14.99.54|1.14.99.53	AA10(32-220)+CBM2(256-350)	AA10_e30+CBM2_e70	AA10+CBM2	Y(1-32)	3
A0A428WZJ3|unreviewed|CBM2	1.14.99.54|1.14.99.53|-	AA10(29-222)+CBM2(263-355)	AA10_e30+CBM2_e35	AA10+CBM2	Y(1-29)	3
A0A429B2U6|unreviewed|CBM2	1.14.99.54|1.14.99.53	AA10(48-237)+CBM2(263-352)	AA10_e30+CBM2_e70	AA10+CBM2	N	3
A0A429FFJ0|unreviewed|CBM2	1.14.99.54|1.14.99.53	AA10(35-225)+CBM2(264-352)	AA10_e30+CBM2_e70	AA10+CBM2	Y(1-35)	3
A0A454WG69|unreviewed|CBM2	1.14.99.54|1.14.99.53	AA10(35-225)+CBM2(264-352)	AA10_e30+CBM2_e70	AA10+CBM2	Y(1-35)	3
A0A494UYH1|unreviewed|CBM2	1.14.99.54|1.14.99.53	AA10(50-239)+CBM2(265-354)	AA10_e30+CBM2_e70	AA10+CBM2	N	3
A0A494V9J6|unreviewed|CBM2	1.14.99.54|1.14.99.53	AA10(34-224)+CBM2(261-349)	AA10_e30+CBM2_e70	AA10+CBM2	Y(1-34)	3
A0A495XJC6|unreviewed|CBM2	1.14.99.54|1.14.99.53	AA10(31-220)+CBM2(273-368)	AA10_e30+CBM2_e70	AA10+CBM2	Y(1-31)	3
A0A498A2M4|unreviewed|CBM2	1.14.99.54|1.14.99.53	AA10(34-222)+CBM2(279-369)	AA10_e30+CBM2_e70	AA10+CBM2	Y(1-34)	3
A0A499UFT0|unreviewed|CBM2	1.14.99.54|1.14.99.53	AA10(2-188)+CBM2(221-310)	AA10_e30+CBM2_e70	AA10+CBM2	N	3
A0A4D4KJY4|unreviewed|CBM2	1.14.99.54|1.14.99.53	AA10(2-188)+CBM2(221-310)	AA10_e30+CBM2_e70	AA10+CBM2	N	3
A0A4D4LFR2|unreviewed|CBM2	1.14.99.54|1.14.99.53	AA10(48-239)+CBM2(273-362)	AA10_e30+CBM2_e70	AA10+CBM2	Y(1-48)	3
A0A4Q4DL54|unreviewed|CBM2	1.14.99.54|1.14.99.53	AA10(43-232)+CBM2(263-348)	AA10_e30+CBM2_e70	AA10+CBM2	Y(1-43)	3
A0A4Q7UEY7|unreviewed|CBM2	1.14.99.54|1.14.99.53	AA10(33-222)+CBM2(275-370)	AA10_e30+CBM2_e70	AA10+CBM2	Y(1-33)	3
A0A4Q7XJL9|unreviewed|CBM2	1.14.99.54|1.14.99.53	AA10(46-235)+CBM2(261-348)	AA10_e30+CBM2_e70	AA10+CBM2	Y(1-46)	3
A0A4R4KPN4|unreviewed|CBM2	1.14.99.54|1.14.99.53	AA10(33-222)+CBM2(268-363)	AA10_e30+CBM2_e70	AA10+CBM2	Y(1-33)	3
A0A4R4KQB8|unreviewed|CBM2	1.14.99.54|1.14.99.53	AA10(33-222)+CBM2(273-368)	AA10_e30+CBM2_e70	AA10+CBM2	Y(1-33)	3
A0A4R4N5X4|unreviewed|CBM2	1.14.99.54|1.14.99.53	AA10(33-224)+CBM2(261-350)	AA10_e30+CBM2_e70	AA10+CBM2	Y(1-33)	3
A0A4R4RBH4|unreviewed|CBM2	1.14.99.54|1.14.99.53	CBM2(9-103)	CBM2_e70	N	N	2
A0A4R4S909|unreviewed|CBM2	1.14.99.54|1.14.99.53	CBM2(4-92)	CBM2_e70	N	N	2
A0A4R4T1E0|unreviewed|CBM2	1.14.99.54|1.14.99.53	CBM2(15-110)	CBM2_e70	N	N	2
A0A4R5DYC9|unreviewed|CBM2	1.14.99.54|1.14.99.53	AA10(53-244)+CBM2(282-368)	AA10_e30+CBM2_e70	AA10+CBM2	Y(1-53)	3
A0A4R6J743|unreviewed|CBM2	1.14.99.54|1.14.99.56|1.14.99.53	AA10(30-223)+CBM2(273-361)	AA10_e30+CBM2_e95	AA10+CBM2	Y(1-30)	3
A0A4R7JM50|unreviewed|CBM2	1.14.99.54|1.14.99.53	AA10(35-225)+CBM2(264-353)	AA10_e30+CBM2_e70	AA10+CBM2	Y(1-35)	3
A0A4S2J0I8|unreviewed|CBM2	1.14.99.54|1.14.99.53	AA10(34-224)+CBM2(263-355)	AA10_e30+CBM2_e70	AA10+CBM2	Y(1-34)	3
A0A4S2UG63|unreviewed|CBM2	1.14.99.54|1.14.99.53	AA10(35-225)+CBM2(285-373)	AA10_e30+CBM2_e70	AA10+CBM2	Y(1-35)	3
A0A4S2UQZ1|unreviewed|CBM2	1.14.99.54|1.14.99.53	AA10(35-225)+CBM2(269-358)	AA10_e30+CBM2_e70	AA10+CBM2	Y(1-35)	3
A0A4S8QNP2|unreviewed|CBM2	-	AA10(44-232)+CBM2(300-378)	AA10_e61+CBM2_e125	AA10+CBM2	Y(1-46)	3
A0A4U3M952|unreviewed|CBM2	1.14.99.54|1.14.99.53	CBM2(48-134)	CBM2_e70	N	Y(1-33)	2
A0A4U5WWH5|unreviewed|CBM2	1.14.99.54|1.14.99.53	AA10(34-224)+CBM2(277-365)	AA10_e30+CBM2_e70	AA10+CBM2	Y(1-34)	3
A0A4U5X532|unreviewed|CBM2	1.14.99.54|1.14.99.53	AA10(34-224)+CBM2(279-368)	AA10_e30+CBM2_e70	AA10+CBM2	Y(1-34)	3
A0A4V2XHD9|unreviewed|CBM2	1.14.99.54|1.14.99.53	AA10(58-249)+CBM2(287-374)	AA10_e30+CBM2_e70	AA10+CBM2	Y(1-58)	3
A0A4V2YRA7|unreviewed|CBM2	1.14.99.54|1.14.99.53	AA10(34-225)+CBM2(259-348)	AA10_e30+CBM2_e70	AA10+CBM2	Y(1-34)	3
A0A4V3SXM1|unreviewed|CBM2	1.14.99.54|1.14.99.53	AA10(35-225)+CBM2(276-365)	AA10_e30+CBM2_e70	AA10+CBM2	Y(1-35)	3
A0A4Y3VBN5|unreviewed|CBM2	1.14.99.54|1.14.99.53	AA10(53-242)+CBM2(269-358)	AA10_e30+CBM2_e70	AA10+CBM2	N	3
A0A4Y4K2N8|unreviewed|CBM2	1.14.99.54|1.14.99.53	AA10(25-215)+CBM2(263-355)	AA10_e30+CBM2_e70	AA10+CBM2	Y(1-25)	3
A0A505DQF5|unreviewed|CBM2	1.14.99.54|1.14.99.53	AA10(45-234)+CBM2(260-349)	AA10_e30+CBM2_e70	AA10+CBM2	Y(1-45)	3
A0A505HEY3|unreviewed|CBM2	1.14.99.54|1.14.99.53	AA10(35-224)+CBM2(281-376)	AA10_e30+CBM2_e70	AA10+CBM2	Y(1-25)	3
A0A510TCI2|unreviewed|CBM2	1.14.99.54|1.14.99.53	AA10(52-241)+CBM2(267-354)	AA10_e30+CBM2_e70	AA10+CBM2	N	3
A0A514JJ89|unreviewed|CBM2	1.14.99.54|1.14.99.53	AA10(34-224)+CBM2(259-348)	AA10_e30+CBM2_e70	AA10+CBM2	Y(1-34)	3
A0A518WK32|unreviewed|CBM2	1.14.99.54|1.14.99.53	AA10(33-221)+CBM2(280-374)	AA10_e30+CBM2_e70	AA10+CBM2	Y(1-28)	3
A0A540QKN5|unreviewed|Chitin-binding	1.14.99.54|1.14.99.53	AA10(21-210)+CBM2(236-325)	AA10_e30+CBM2_e70	AA10+CBM2	N	3
A0A542HWG2|unreviewed|CBM2	1.14.99.54|1.14.99.53	AA10(46-235)+CBM2(261-350)	AA10_e30+CBM2_e70	AA10+CBM2	Y(1-46)	3
A0A542KP05|unreviewed|CBM2	1.14.99.54|1.14.99.53	AA10(48-237)+CBM2(263-353)	AA10_e30+CBM2_e70	AA10+CBM2	Y(1-48)	3
A0A542XQ36|unreviewed|CBM2	1.14.99.54|1.14.99.53	AA10(34-223)+CBM2(261-356)	AA10_e30+CBM2_e70	AA10+CBM2	Y(1-34)	3
A0A543JMN8|unreviewed|CBM2	1.14.99.54|1.14.99.53	AA10(34-223)+CBM2(276-370)	AA10_e30+CBM2_e70	AA10+CBM2	Y(1-34)	3
A0A544YBB9|unreviewed|CBM2	1.14.99.54|1.14.99.53|-	AA10(46-229)+CBM2(266-354)	AA10_e30+CBM2_e10	AA10+CBM2	Y(1-46)	3
A0A544YNY8|unreviewed|CBM2	1.14.99.54|1.14.99.53|-	AA10(47-230)+CBM2(269-356)	AA10_e30+CBM2_e10	AA10+CBM2	Y(1-47)	3
A0A544ZKY8|unreviewed|CBM2	1.14.99.54|1.14.99.53|-	AA10(51-234)+CBM2(273-360)	AA10_e30+CBM2_e10	AA10+CBM2	Y(1-51)	3
A0A550HWH6|unreviewed|CBM2	1.14.99.54|1.14.99.53	AA10(52-241)+CBM2(267-356)	AA10_e30+CBM2_e70	AA10+CBM2	N	3
A0A552QVM0|unreviewed|CBM2	1.14.99.54|1.14.99.53	AA10(35-225)+CBM2(272-360)	AA10_e30+CBM2_e70	AA10+CBM2	Y(1-35)	3
A0A560XHH1|unreviewed|CBM2	1.14.99.54|1.14.99.53	AA10(34-224)+CBM2(263-353)	AA10_e30+CBM2_e70	AA10+CBM2	Y(1-34)	3
A0A561TRR3|unreviewed|CBM2	1.14.99.54|1.14.99.53	AA10(34-224)+CBM2(259-347)	AA10_e30+CBM2_e70	AA10+CBM2	Y(1-34)	3
A0A561V4A8|unreviewed|CBM2	1.14.99.54|1.14.99.53	AA10(80-269)+CBM2(297-381)	AA10_e30+CBM2_e70	AA10+CBM2	N	3
A0A561WLG5|unreviewed|CBM2	1.14.99.54|1.14.99.53	AA10(23-216)+CBM2(257-348)	AA10_e30+CBM2_e70	AA10+CBM2	Y(1-21)	3
A0A561WSU7|unreviewed|CBM2	1.14.99.54|1.14.99.53	AA10(33-222)+CBM2(276-370)	AA10_e30+CBM2_e70	AA10+CBM2	Y(1-31)	3
A0A5B0BFC5|unreviewed|CBM2	1.14.99.54|1.14.99.53	AA10(34-224)+CBM2(260-350)	AA10_e30+CBM2_e70	AA10+CBM2	Y(1-34)	3
A0A5B9YDT5|unreviewed|CBM2	-	CBM2(123-206)+CBM2(229-323)	CBM2_e59+CBM2_e59	CBM2	N	3
A0A5C4QW19|unreviewed|CBM2	1.14.99.54|1.14.99.53	AA10(70-259)+CBM2(313-408)	AA10_e30+CBM2_e70	AA10+CBM2	N	3
A0A5C6JIW2|unreviewed|CBM2	1.14.99.54|1.14.99.53	AA10(34-224)+CBM2(262-351)	AA10_e30+CBM2_e70	AA10+CBM2	Y(1-34)	3
A0A5D0ML48|unreviewed|CBM2	1.14.99.54|1.14.99.53	AA10(33-222)+CBM2(274-369)	AA10_e30+CBM2_e70	AA10+CBM2	Y(1-23)	3
A0A5J5K3M0|unreviewed|CBM2	1.14.99.54|1.14.99.53	AA10(37-220)+CBM2(259-347)	AA10_e30+CBM2_e70	AA10+CBM2	Y(1-37)	3
A0A5J6F216|unreviewed|CBM2	1.14.99.54|1.14.99.53	AA10(42-231)+CBM2(257-346)	AA10_e30+CBM2_e70	AA10+CBM2	Y(1-42)	3
A0A5J6F4J3|unreviewed|CBM2	1.14.99.54|1.14.99.53	AA10(35-225)+CBM2(271-359)	AA10_e30+CBM2_e70	AA10+CBM2	Y(1-35)	3
A0A5J6I8E3|unreviewed|CBM2	1.14.99.54|1.14.99.53	AA10(40-229)+CBM2(255-344)	AA10_e30+CBM2_e70	AA10+CBM2	Y(1-40)	3
A0A5N6C3L2|unreviewed|CBM2	1.14.99.54|1.14.99.53|-	AA10(46-229)+CBM2(268-355)	AA10_e30+CBM2_e10	AA10+CBM2	Y(1-46)	3
A0A5N8V9W2|unreviewed|CBM2	1.14.99.54|1.14.99.53	AA10(40-229)+CBM2(255-344)	AA10_e30+CBM2_e70	AA10+CBM2	N	3
A0A5N8W514|unreviewed|CBM2	1.14.99.54|1.14.99.53	AA10(45-234)+CBM2(260-349)	AA10_e30+CBM2_e70	AA10+CBM2	Y(1-45)	3
A0A5N8WN13|unreviewed|CBM2	1.14.99.54|1.14.99.53	AA10(37-226)+CBM2(252-344)	AA10_e30+CBM2_e70	AA10+CBM2	Y(1-35)	3
A0A5N8XBM4|unreviewed|CBM2	1.14.99.54|1.14.99.53	AA10(45-234)+CBM2(260-351)	AA10_e30+CBM2_e70	AA10+CBM2	Y(1-45)	3
A0A5P8KC66|unreviewed|CBM2	1.14.99.54|1.14.99.53	AA10(21-210)+CBM2(236-325)	AA10_e30+CBM2_e70	AA10+CBM2	N	3
A0A5P9WU89|unreviewed|CBM2	1.14.99.54|1.14.99.53	AA10(35-225)+CBM2(267-355)	AA10_e30+CBM2_e70	AA10+CBM2	Y(1-35)	3
A0A5Q0H7D7|unreviewed|CBM2	1.14.99.54|1.14.99.53	AA10(57-246)+CBM2(298-392)	AA10_e30+CBM2_e70	AA10+CBM2	N	3
A0A5Q4ST15|unreviewed|CBM2	1.14.99.54|1.14.99.53	AA10(45-234)+CBM2(262-348)	AA10_e30+CBM2_e70	AA10+CBM2	Y(1-45)	3
A0A5Q4TFK4|unreviewed|CBM2	1.14.99.54|1.14.99.53	AA10(34-223)+CBM2(252-341)	AA10_e30+CBM2_e70	AA10+CBM2	Y(1-23)	3
A0A5R8Z2H0|unreviewed|CBM2	1.14.99.54|1.14.99.53	AA10(116-299)+CBM2(350-438)	AA10_e30+CBM2_e70	AA10+CBM2	N	3
A0A5R9FTW6|unreviewed|CBM2	1.14.99.54|1.14.99.53	AA10(45-234)+CBM2(260-349)	AA10_e30+CBM2_e70	AA10+CBM2	Y(1-45)	3
A0A5S4G374|unreviewed|CBM2	1.14.99.54|1.14.99.53	AA10(33-224)+CBM2(261-349)	AA10_e30+CBM2_e70	AA10+CBM2	Y(1-33)	3
A0A6B2D9T8|unreviewed|Chitin-binding	1.14.99.54|1.14.99.53	AA10(32-220)+CBM2(267-360)	AA10_e30+CBM2_e70	AA10+CBM2	Y(1-32)	3
A0A6B2UZR9|unreviewed|CBM2	1.14.99.54|1.14.99.53	AA10(34-224)+CBM2(266-355)	AA10_e30+CBM2_e70	AA10+CBM2	Y(1-34)	3
A0A6B2X1H3|unreviewed|CBM2	1.14.99.54|1.14.99.53	AA10(34-223)+CBM2(249-338)	AA10_e30+CBM2_e70	AA10+CBM2	Y(1-34)	3
A0A6B3BAW2|unreviewed|CBM2	1.14.99.54|1.14.99.53	AA10(35-225)+CBM2(272-360)	AA10_e30+CBM2_e70	AA10+CBM2	Y(1-35)	3
A0A6B3C3K6|unreviewed|CBM2	1.14.99.54|1.14.99.53	AA10(53-242)+CBM2(269-358)	AA10_e30+CBM2_e70	AA10+CBM2	N	3
A0A6B3DPE6|unreviewed|CBM2	1.14.99.54|1.14.99.53	AA10(34-224)+CBM2(270-359)	AA10_e30+CBM2_e70	AA10+CBM2	Y(1-34)	3
A0A6B3ESR6|unreviewed|CBM2	1.14.99.54|1.14.99.53	AA10(35-225)+CBM2(262-351)	AA10_e30+CBM2_e70	AA10+CBM2	Y(1-35)	3
A0A6B3QWZ3|unreviewed|CBM2	1.14.99.54|1.14.99.53	AA10(35-225)+CBM2(264-352)	AA10_e30+CBM2_e70	AA10+CBM2	Y(1-35)	3
A0A6G0FF46|unreviewed|CBM2	1.14.99.54|1.14.99.53	AA10(35-225)+CBM2(262-350)	AA10_e30+CBM2_e70	AA10+CBM2	Y(1-35)	3
A0A6G2PWI1|unreviewed|CBM2	1.14.99.54|1.14.99.53	AA10(34-224)+CBM2(263-355)	AA10_e30+CBM2_e70	AA10+CBM2	Y(1-34)	3
A0A6G2VCH2|unreviewed|CBM2	1.14.99.54|1.14.99.53	AA10(35-225)+CBM2(268-356)	AA10_e30+CBM2_e70	AA10+CBM2	Y(1-35)	3
A0A6G2XNB0|unreviewed|CBM2	1.14.99.54|1.14.99.53	AA10(34-224)+CBM2(264-353)	AA10_e30+CBM2_e70	AA10+CBM2	Y(1-34)	3
A0A6G3CAE0|unreviewed|CBM2	1.14.99.54|1.14.99.53	AA10(40-229)+CBM2(255-344)	AA10_e30+CBM2_e70	AA10+CBM2	Y(1-40)	3
A0A6G3DJD9|unreviewed|CBM2	1.14.99.54|1.14.99.53	AA10(35-225)+CBM2(268-356)	AA10_e30+CBM2_e70	AA10+CBM2	Y(1-35)	3
A0A6G3QFI0|unreviewed|CBM2	1.14.99.54|1.14.99.53	AA10(25-214)+CBM2(241-330)	AA10_e30+CBM2_e70	AA10+CBM2	Y(1-25)	3
A0A6G3T4I5|unreviewed|CBM2	1.14.99.54|1.14.99.53	AA10(35-225)+CBM2(265-353)	AA10_e30+CBM2_e70	AA10+CBM2	Y(1-35)	3
A0A6G3USV7|unreviewed|CBM2	1.14.99.54|1.14.99.53	AA10(35-225)+CBM2(271-360)	AA10_e30+CBM2_e70	AA10+CBM2	Y(1-35)	3
A0A6G3WGA3|unreviewed|CBM2	1.14.99.54|1.14.99.53	AA10(34-224)+CBM2(286-375)	AA10_e30+CBM2_e70	AA10+CBM2	Y(1-34)	3
A0A6G3WRE3|unreviewed|CBM2	1.14.99.54|1.14.99.53	AA10(40-229)+CBM2(255-344)	AA10_e30+CBM2_e70	AA10+CBM2	Y(1-40)	3
A0A6G4AEV7|unreviewed|CBM2	1.14.99.54|1.14.99.53	AA10(48-239)+CBM2(274-363)	AA10_e30+CBM2_e70	AA10+CBM2	Y(1-48)	3
A0A6G4VE17|unreviewed|CBM2	1.14.99.54|1.14.99.53	AA10(54-243)+CBM2(269-358)	AA10_e30+CBM2_e70	AA10+CBM2	N	3
A0A6G5RMM1|unreviewed|CBM2	1.14.99.54|1.14.99.53	AA10(40-229)+CBM2(255-343)	AA10_e30+CBM2_e70	AA10+CBM2	Y(1-40)	3
A0A6G7PDZ4|unreviewed|CBM2	1.14.99.54|1.14.99.53	AA10(35-225)+CBM2(267-364)	AA10_e30+CBM2_e70	AA10+CBM2	Y(1-35)	3
A0A6G9FET7|unreviewed|CBM2	1.14.99.54|1.14.99.53	AA10(41-230)+CBM2(270-360)	AA10_e30+CBM2_e70	AA10+CBM2	Y(1-41)	3
A0A6H0CVX2|unreviewed|CBM2	1.14.99.54|1.14.99.53	AA10(34-224)+CBM2(267-356)	AA10_e30+CBM2_e70	AA10+CBM2	Y(1-34)	3
A0A6I5F326|unreviewed|CBM2	1.14.99.54|1.14.99.53	AA10(35-225)+CBM2(265-354)	AA10_e30+CBM2_e70	AA10+CBM2	Y(1-35)	3
A0A6I5I7J7|unreviewed|CBM2	1.14.99.54|1.14.99.53	AA10(35-225)+CBM2(284-372)	AA10_e30+CBM2_e70	AA10+CBM2	Y(1-35)	3
A0A6I5WCW6|unreviewed|CBM2	1.14.99.54|1.14.99.53	AA10(34-223)+CBM2(270-365)	AA10_e30+CBM2_e70	AA10+CBM2	Y(1-32)	3
A0A6I7Y306|unreviewed|CBM2	1.14.99.54|1.14.99.53	AA10(35-225)+CBM2(271-360)	AA10_e30+CBM2_e70	AA10+CBM2	Y(1-35)	3
A0A6I8M3A9|unreviewed|CBM2	1.14.99.54|1.14.99.53	AA10(32-220)+CBM2(255-350)	AA10_e30+CBM2_e70	AA10+CBM2	Y(1-32)	3
A0A6L9QS96|unreviewed|CBM2	1.14.99.54|1.14.99.53	AA10(33-224)+CBM2(261-350)	AA10_e30+CBM2_e70	AA10+CBM2	Y(1-33)	3
A0A6M4PUS6|unreviewed|CBM2	1.14.99.54|1.14.99.53	AA10(34-224)+CBM2(259-349)	AA10_e30+CBM2_e70	AA10+CBM2	Y(1-34)	3
A0A6M4WW29|unreviewed|CBM2	1.14.99.54|1.14.99.53	AA10(42-231)+CBM2(257-346)	AA10_e30+CBM2_e70	AA10+CBM2	Y(1-42)	3
A0A6N9UA92|unreviewed|CBM2	1.14.99.54|1.14.99.53	AA10(34-224)+CBM2(261-350)	AA10_e30+CBM2_e70	AA10+CBM2	Y(1-34)	3
A0A6N9UQN6|unreviewed|CBM2	1.14.99.54|1.14.99.53	AA10(35-225)+CBM2(264-352)	AA10_e30+CBM2_e70	AA10+CBM2	Y(1-35)	3
A0A6N9V303|unreviewed|CBM2	1.14.99.54|1.14.99.53	AA10(35-225)+CBM2(265-353)	AA10_e30+CBM2_e70	AA10+CBM2	Y(1-35)	3
A0A7C9P2B5|unreviewed|CBM2	1.14.99.54|1.14.99.53	CBM2(48-134)	CBM2_e70	N	Y(1-33)	2
A0A7D5VLL1|unreviewed|CBM2	1.14.99.54|1.14.99.53	AA10(34-224)+CBM2(263-353)	AA10_e30+CBM2_e70	AA10+CBM2	Y(1-34)	3
A0A7D6CBE2|unreviewed|CBM2	1.14.99.54|1.14.99.53	AA10(98-287)+CBM2(334-428)	AA10_e30+CBM2_e70	AA10+CBM2	N	3
A0A7G1NZJ8|unreviewed|CBM2	1.14.99.54|1.14.99.53	AA10(54-243)+CBM2(269-359)	AA10_e30+CBM2_e70	AA10+CBM2	N	3
A0A7G7BHK5|unreviewed|CBM2	1.14.99.54|1.14.99.53	AA10(35-225)+CBM2(267-357)	AA10_e30+CBM2_e70	AA10+CBM2	Y(1-35)	3
A0A7H0HZP3|unreviewed|CBM2	1.14.99.54|1.14.99.53	AA10(41-230)+CBM2(261-352)	AA10_e30+CBM2_e70	AA10+CBM2	Y(1-41)	3
A0A7H0ISA5|unreviewed|CBM2	1.14.99.54|1.14.99.53	AA10(42-231)+CBM2(257-346)	AA10_e30+CBM2_e70	AA10+CBM2	Y(1-42)	3
A0A7H1Q0D3|unreviewed|CBM2	1.14.99.54|1.14.99.53	AA10(34-224)+CBM2(263-355)	AA10_e30+CBM2_e70	AA10+CBM2	Y(1-34)	3
A0A7H8I1I3|unreviewed|CBM2	1.14.99.54|1.14.99.53	AA10(19-207)+CBM2(265-359)	AA10_e30+CBM2_e70	AA10+CBM2	Y(1-19)	3
A0A7H8KZX4|unreviewed|CBM2	1.14.99.54|1.14.99.53	AA10(33-223)+CBM2(292-382)	AA10_e30+CBM2_e70	AA10+CBM2	Y(1-33)	3
A0A7H8M1E9|unreviewed|CBM2	1.14.99.54|1.14.99.53	AA10(33-224)+CBM2(261-350)	AA10_e30+CBM2_e70	AA10+CBM2	Y(1-33)	3
A0A7H8MGB9|unreviewed|CBM2	1.14.99.54|1.14.99.53	AA10(35-225)+CBM2(261-349)	AA10_e30+CBM2_e70	AA10+CBM2	Y(1-35)	3
A0A7H8T3T2|unreviewed|CBM2	1.14.99.54|1.14.99.53	AA10(48-237)+CBM2(263-352)	AA10_e30+CBM2_e70	AA10+CBM2	N	3
A0A7H8XNZ4|unreviewed|Lytic	1.14.99.54|1.14.99.53	AA10(33-222)+CBM2(276-365)	AA10_e30+CBM2_e70	AA10+CBM2	Y(1-35)	3
A0A7J0CAF4|unreviewed|CBM2	1.14.99.54|1.14.99.53	AA10(35-225)+CBM2(284-373)	AA10_e30+CBM2_e70	AA10+CBM2	Y(1-35)	3
A0A7J0D3U6|unreviewed|CBM2	1.14.99.54|1.14.99.53	AA10(35-225)+CBM2(271-365)	AA10_e30+CBM2_e70	AA10+CBM2	Y(1-35)	3
A0A7J5C997|unreviewed|CBM2	1.14.99.54|1.14.99.53	AA10(33-222)+CBM2(277-372)	AA10_e30+CBM2_e70	AA10+CBM2	Y(1-23)	3
A0A7J5DK43|unreviewed|CBM2	1.14.99.54|1.14.99.53	AA10(55-244)+CBM2(270-358)	AA10_e30+CBM2_e70	AA10+CBM2	N	3
A0A7K2I6D0|unreviewed|CBM2	1.14.99.54|1.14.99.53	AA10(14-204)+CBM2(243-335)	AA10_e30+CBM2_e70	AA10+CBM2	N	3
A0A7K2LVM1|unreviewed|CBM2	1.14.99.54|1.14.99.53	CBM2(8-97)	CBM2_e70	N	N	2
A0A7K2NM19|unreviewed|CBM2	1.14.99.54|1.14.99.53	AA10(35-225)+CBM2(265-353)	AA10_e30+CBM2_e70	AA10+CBM2	Y(1-35)	3
A0A7K2PVN8|unreviewed|CBM2	1.14.99.54|1.14.99.53	AA10(34-223)+CBM2(249-338)	AA10_e30+CBM2_e70	AA10+CBM2	Y(1-34)	3
A0A7K2SJT8|unreviewed|CBM2	1.14.99.54|1.14.99.53	AA10(35-225)+CBM2(261-349)	AA10_e30+CBM2_e70	AA10+CBM2	Y(1-35)	3
A0A7K2TSQ7|unreviewed|CBM2	1.14.99.54|1.14.99.53	AA10(34-224)+CBM2(261-351)	AA10_e30+CBM2_e70	AA10+CBM2	Y(1-34)	3
A0A7K2W587|unreviewed|CBM2	1.14.99.54|1.14.99.53	AA10(34-224)+CBM2(265-355)	AA10_e30+CBM2_e70	AA10+CBM2	Y(1-34)	3
A0A7K3E304|unreviewed|CBM2	1.14.99.54|1.14.99.53	AA10(21-210)+CBM2(236-325)	AA10_e30+CBM2_e70	AA10+CBM2	N	3
A0A7K3EYC5|unreviewed|CBM2	1.14.99.54|1.14.99.53	AA10(35-225)+CBM2(265-354)	AA10_e30+CBM2_e70	AA10+CBM2	Y(1-35)	3
A0A7K3GGZ9|unreviewed|CBM2	1.14.99.54|1.14.99.53	AA10(35-225)+CBM2(264-352)	AA10_e30+CBM2_e70	AA10+CBM2	Y(1-35)	3
A0A7K3X4U3|unreviewed|CBM2	1.14.99.54|1.14.99.53	AA10(33-222)+CBM2(271-366)	AA10_e30+CBM2_e70	AA10+CBM2	Y(1-23)	3
A0A7L5T242|unreviewed|CBM2	1.14.99.54|1.14.99.53	AA10(48-239)+CBM2(269-358)	AA10_e30+CBM2_e70	AA10+CBM2	N	3
A0A7L6B4N6|unreviewed|CBM2	1.14.99.54|1.14.99.53	AA10(35-224)+CBM2(281-376)	AA10_e30+CBM2_e70	AA10+CBM2	Y(1-35)	3
A0A7M2SF22|unreviewed|CBM2	1.14.99.54|1.14.99.53	AA10(53-242)+CBM2(268-357)	AA10_e30+CBM2_e70	AA10+CBM2	N	3
A0A7M2T7B1|unreviewed|CBM2	1.14.99.54|1.14.99.53	AA10(34-224)+CBM2(262-350)	AA10_e30+CBM2_e70	AA10+CBM2	Y(1-34)	3
A0A7T4PBK6|unreviewed|CBM2	1.14.99.54|1.14.99.53	AA10(54-244)+CBM2(278-368)	AA10_e30+CBM2_e70	AA10+CBM2	N	3
A0A7T7KVI2|unreviewed|CBM2	1.14.99.54|1.14.99.53	AA10(52-241)+CBM2(267-356)	AA10_e30+CBM2_e70	AA10+CBM2	N	3
A0A7U9H9A9|unreviewed|CBM2	1.14.99.54|1.14.99.53	AA10(35-225)+CBM2(265-353)	AA10_e30+CBM2_e70	AA10+CBM2	Y(1-35)	3
A0A7W0DM70|unreviewed|CBM2	1.14.99.54|1.14.99.53	AA10(48-237)+CBM2(264-355)	AA10_e30+CBM2_e70	AA10+CBM2	N	3
A0A7W2D3J8|unreviewed|CBM2	1.14.99.54|1.14.99.53	AA10(48-237)+CBM2(264-353)	AA10_e30+CBM2_e70	AA10+CBM2	N	3
A0A7W2HT73|unreviewed|CBM2	1.14.99.54|1.14.99.53	AA10(52-241)+CBM2(278-367)	AA10_e30+CBM2_e70	AA10+CBM2	Y(1-52)	3
A0A7W2YYF6|unreviewed|CBM2	1.14.99.54|1.14.99.53	AA10(48-239)+CBM2(274-363)	AA10_e30+CBM2_e70	AA10+CBM2	Y(1-48)	3
A0A7W3NR30|unreviewed|CBM2	1.14.99.54|1.14.99.53	AA10(34-224)+CBM2(263-355)	AA10_e30+CBM2_e70	AA10+CBM2	Y(1-34)	3
A0A7W4ZMN9|unreviewed|CBM2	1.14.99.54|1.14.99.53	AA10(40-229)+CBM2(255-344)	AA10_e30+CBM2_e70	AA10+CBM2	Y(1-40)	3
A0A7W5AI96|unreviewed|CBM2	1.14.99.54|1.14.99.53	AA10(29-222)+CBM2(274-366)	AA10_e30+CBM2_e70	AA10+CBM2	Y(1-29)	3
A0A7W7DJI4|unreviewed|CBM2	1.14.99.54|1.14.99.53	AA10(40-229)+CBM2(255-344)	AA10_e30+CBM2_e70	AA10+CBM2	Y(1-40)	3
A0A7W7FZT3|unreviewed|CBM2	1.14.99.54|1.14.99.56|1.14.99.53	AA10(30-223)+CBM2(278-364)	AA10_e30+CBM2_e95	AA10+CBM2	Y(1-30)	3
A0A7W7GYV4|unreviewed|CBM2	1.14.99.54|1.14.99.53	AA10(28-221)+CBM2(261-350)	AA10_e30+CBM2_e70	AA10+CBM2	Y(1-28)	3
A0A7W7HHS2|unreviewed|CBM2	1.14.99.54|1.14.99.53	AA10(29-222)+CBM2(268-360)	AA10_e30+CBM2_e70	AA10+CBM2	Y(1-29)	3
A0A7W7IDF5|unreviewed|CBM2	1.14.99.54|1.14.99.53	AA10(58-249)+CBM2(287-374)	AA10_e30+CBM2_e70	AA10+CBM2	Y(1-58)	3
A0A7W7MRC4|unreviewed|CBM2	1.14.99.54|1.14.99.53|-	AA10(31-223)+CBM2(272-363)	AA10_e30+CBM2_e35	AA10+CBM2	Y(1-31)	3
A0A7W7PTY2|unreviewed|CBM2	1.14.99.54|1.14.99.53	AA10(34-224)+CBM2(261-349)	AA10_e30+CBM2_e70	AA10+CBM2	Y(1-34)	3
A0A7W7SVP3|unreviewed|CBM2	1.14.99.54|1.14.99.53	AA10(33-221)+CBM2(262-356)	AA10_e30+CBM2_e70	AA10+CBM2	Y(1-31)	3
A0A7W7VD19|unreviewed|CBM2	1.14.99.54|1.14.99.53	AA10(34-222)+CBM2(252-348)	AA10_e30+CBM2_e70	AA10+CBM2	Y(1-34)	3
A0A7W8FCQ6|unreviewed|CBM2	1.14.99.54|1.14.99.53	AA10(34-224)+CBM2(259-347)	AA10_e30+CBM2_e70	AA10+CBM2	Y(1-34)	3
A0A7W9HA34|unreviewed|CBM2	1.14.99.54|1.14.99.53	AA10(51-240)+CBM2(266-355)	AA10_e30+CBM2_e70	AA10+CBM2	N	3
A0A7W9IJN7|unreviewed|CBM2	1.14.99.54|1.14.99.53	CBM2(108-194)	CBM2_e70	N	Y(1-29)	2
A0A7W9M231|unreviewed|CBM2	1.14.99.54|1.14.99.53	AA10(34-223)+CBM2(280-375)	AA10_e30+CBM2_e70	AA10+CBM2	Y(1-34)	3
A0A7W9NN11|unreviewed|CBM2	1.14.99.54|1.14.99.53	AA10(27-215)+CBM2(243-335)	AA10_e30+CBM2_e70	AA10+CBM2	Y(1-27)	3
A0A7W9PRU7|unreviewed|CBM2	1.14.99.54|1.14.99.53	AA10(4-189)	AA10_e30	AA10+CBM2	N	3
A0A7W9TKR8|unreviewed|CBM2	1.14.99.54|1.14.99.53	AA10(40-229)+CBM2(255-344)	AA10_e30+CBM2_e70	AA10+CBM2	Y(1-40)	3
A0A7X0GLN1|unreviewed|CBM2	1.14.99.54|1.14.99.53	AA10(40-229)+CBM2(255-344)	AA10_e30+CBM2_e70	AA10+CBM2	Y(1-40)	3
A0A7X0IE64|unreviewed|CBM2	1.14.99.54|1.14.99.53	AA10(33-214)+CBM2(240-329)	AA10_e30+CBM2_e70	N	Y(1-32)	2
A0A7X0LQ64|unreviewed|CBM2	1.14.99.54|1.14.99.53	AA10(22-212)+CBM2(256-345)	AA10_e30+CBM2_e70	AA10+CBM2	N	3
A0A7X1M8P6|unreviewed|CBM2	1.14.99.54|1.14.99.53	AA10(53-242)+CBM2(268-357)	AA10_e30+CBM2_e70	AA10+CBM2	N	3
A0A7X6B0W1|unreviewed|CBM2	1.14.99.54|1.14.99.53	AA10(48-239)+CBM2(273-362)	AA10_e30+CBM2_e70	AA10+CBM2	Y(1-48)	3
A0A7Y0B916|unreviewed|CBM2	1.14.99.54|1.14.99.53	AA10(35-225)+CBM2(280-370)	AA10_e30+CBM2_e70	AA10+CBM2	Y(1-35)	3
A0A7Y0JEC8|unreviewed|CBM2	1.14.99.54|1.14.99.53	AA10(34-224)+CBM2(274-363)	AA10_e30+CBM2_e70	AA10+CBM2	Y(1-34)	3
A0A7Y0PEH3|unreviewed|CBM2	1.14.99.54|1.14.99.53	AA10(29-222)+CBM2(261-351)	AA10_e30+CBM2_e70	AA10+CBM2	Y(1-29)	3
A0A7Y3LV14|unreviewed|CBM2	1.14.99.54|1.14.99.53	AA10(50-239)+CBM2(265-354)	AA10_e30+CBM2_e70	AA10+CBM2	N	3
A0A7Z0BCF8|unreviewed|CBM2	1.14.99.54|1.14.99.53	AA10(33-222)+CBM2(268-363)	AA10_e30+CBM2_e70	AA10+CBM2	Y(1-33)	3
A0A7Z0NSW6|unreviewed|CBM2	1.14.99.54|1.14.99.53	AA10(20-209)+CBM2(248-342)	AA10_e30+CBM2_e70	AA10+CBM2	Y(1-20)	3
A0A7Z0PZ41|unreviewed|CBM2	1.14.99.54|1.14.99.53	AA10(49-239)+CBM2(286-376)	AA10_e30+CBM2_e70	AA10+CBM2	N	3
A0A7Z0Q2K9|unreviewed|CBM2	-	CBM2(420-519)	CBM2_e62	CBM2	Y(1-33)	3
A0A840NXD2|unreviewed|CBM2	1.14.99.54|1.14.99.53	AA10(40-226)+CBM2(272-362)	AA10_e30+CBM2_e70	AA10+CBM2	Y(1-40)	3
A0A840VKG9|unreviewed|CBM2	1.14.99.54|1.14.99.53	AA10(33-222)+CBM2(283-378)	AA10_e30+CBM2_e70	AA10+CBM2	Y(1-33)	3
A0A841D042|unreviewed|CBM2	1.14.99.54|1.14.99.53	CBM2(126-213)	CBM2_e70	N	N	2
A0A846Z8A6|unreviewed|CBM2	1.14.99.54|1.14.99.53	AA10(33-224)+CBM2(261-349)	AA10_e30+CBM2_e70	AA10+CBM2	Y(1-33)	3
A0A850CCJ8|unreviewed|CBM2	1.14.99.54|1.14.99.56|-	AA10(39-231)+CBM2(274-362)	AA10_e50+CBM2_e125	AA10+CBM2	Y(1-41)	3
A0A852V6J6|unreviewed|CBM2	1.14.99.54|1.14.99.53	CBM2(77-162)	CBM2_e70	N	Y(1-41)	2
A0A896W2R5|unreviewed|CBM2	1.14.99.54|1.14.99.53	AA10(34-224)+CBM2(261-349)	AA10_e30+CBM2_e70	AA10+CBM2	Y(1-34)	3
A0A8D3WDE5|unreviewed|CBM2	1.14.99.54|1.14.99.53	AA10(45-234)+CBM2(262-347)	AA10_e30+CBM2_e70	AA10+CBM2	N	3
A0A8D3WM25|unreviewed|CBM2	1.14.99.54|1.14.99.53	AA10(35-225)+CBM2(265-354)	AA10_e30+CBM2_e70	AA10+CBM2	Y(1-35)	3
A0A8H9H2M2|unreviewed|CBM2	1.14.99.54|1.14.99.53|-	AA10(56-239)+CBM2(294-381)	AA10_e30+CBM2_e10	AA10+CBM2	Y(1-56)	3
A0A8I2E3A7|unreviewed|CBM2	1.14.99.54|1.14.99.53	AA10(35-225)+CBM2(266-354)	AA10_e30+CBM2_e70	AA10+CBM2	Y(1-35)	3
A0A8J3C4B7|unreviewed|CBM2	1.14.99.54|1.14.99.56|1.14.99.53	AA10(24-216)+CBM2(265-357)	AA10_e30+CBM2_e95	AA10+CBM2	Y(1-57)	3
A0A8J3N5H7|unreviewed|CBM2	-	CBM2(74-173)	CBM2_e97	N	N	2
A0A8J3SYF7|unreviewed|CBM2	1.14.99.54|1.14.99.53	CBM2(88-175)	CBM2_e70	N	Y(1-37)	2
A0A8J3T5M3|unreviewed|CBM2	1.14.99.54|1.14.99.53	CBM2(87-174)	CBM2_e70	N	Y(1-37)	2
A0A8J3W6H5|unreviewed|CBM2	1.14.99.54|1.14.99.53	CBM2(99-184)	CBM2_e70	N	Y(1-39)	2
A0A8J3WEQ3|unreviewed|CBM2	1.14.99.54|1.14.99.53	CBM2(93-178)	CBM2_e70	N	Y(1-26)	2
A0A917KUI1|unreviewed|CBM2	1.14.99.54|1.14.99.53	AA10(53-242)+CBM2(269-358)	AA10_e30+CBM2_e70	AA10+CBM2	N	3
A0A917VHU9|unreviewed|CBM2	1.14.99.54|1.14.99.53	CBM2(2-91)	CBM2_e70	N	N	2
A0A917VNG5|unreviewed|CBM2	1.14.99.54|1.14.99.53	AA10(25-214)+CBM2(240-329)	AA10_e30+CBM2_e70	AA10+CBM2	Y(1-25)	3
A0A918ANG3|unreviewed|CBM2	1.14.99.54|1.14.99.53	AA10(34-223)+CBM2(257-351)	AA10_e30+CBM2_e70	AA10+CBM2	Y(1-34)	3
A0A918CQ15|unreviewed|CBM2	1.14.99.54|1.14.99.53	AA10(49-238)+CBM2(264-352)	AA10_e30+CBM2_e70	AA10+CBM2	Y(1-38)	3
A0A918ES66|unreviewed|CBM2	1.14.99.54|1.14.99.53	AA10(26-216)+CBM2(255-343)	AA10_e30+CBM2_e70	AA10+CBM2	Y(1-26)	3
A0A918ETE9|unreviewed|CBM2	1.14.99.54|1.14.99.53	AA10(34-224)+CBM2(257-346)	AA10_e30+CBM2_e70	AA10+CBM2	Y(1-34)	3
A0A918FCS1|unreviewed|CBM2	1.14.99.54|1.14.99.53	AA10(46-235)+CBM2(261-350)	AA10_e30+CBM2_e70	AA10+CBM2	Y(1-46)	3
A0A918FR02|unreviewed|CBM2	1.14.99.54|1.14.99.53	AA10(46-235)+CBM2(261-350)	AA10_e30+CBM2_e70	AA10+CBM2	N	3
A0A918GNW1|unreviewed|CBM2	1.14.99.54|1.14.99.53	AA10(34-224)+CBM2(260-349)	AA10_e30+CBM2_e70	AA10+CBM2	Y(1-34)	3
A0A918I4I2|unreviewed|CBM2	1.14.99.54|1.14.99.53	AA10(35-225)+CBM2(263-353)	AA10_e30+CBM2_e70	AA10+CBM2	Y(1-35)	3
A0A918KJY0|unreviewed|CBM2	1.14.99.54|1.14.99.53	AA10(34-224)+CBM2(261-351)	AA10_e30+CBM2_e70	AA10+CBM2	N	3
A0A918KRI6|unreviewed|CBM2	1.14.99.54|1.14.99.53	AA10(51-240)+CBM2(266-355)	AA10_e30+CBM2_e70	AA10+CBM2	N	3
A0A918LYS0|unreviewed|CBM2	1.14.99.54|1.14.99.53	AA10(49-238)+CBM2(264-353)	AA10_e30+CBM2_e70	AA10+CBM2	Y(1-49)	3
A0A918R5A0|unreviewed|CBM2	1.14.99.54|1.14.99.53	AA10(25-215)+CBM2(253-343)	AA10_e30+CBM2_e70	AA10+CBM2	Y(1-25)	3
A0A919BRM2|unreviewed|CBM2	1.14.99.54|1.14.99.53	AA10(35-225)+CBM2(272-362)	AA10_e30+CBM2_e70	AA10+CBM2	Y(1-35)	3
A0A919DUP6|unreviewed|CBM2	1.14.99.54|1.14.99.53	AA10(33-223)+CBM2(263-352)	AA10_e30+CBM2_e70	AA10+CBM2	Y(1-33)	3
A0A919EAA1|unreviewed|CBM2	1.14.99.54|1.14.99.53	AA10(34-224)+CBM2(263-353)	AA10_e30+CBM2_e70	AA10+CBM2	Y(1-34)	3
A0A919EUK7|unreviewed|CBM2	1.14.99.54|1.14.99.53	AA10(34-224)+CBM2(259-349)	AA10_e30+CBM2_e70	AA10+CBM2	Y(1-34)	3
A0A919GDD7|unreviewed|CBM2	1.14.99.54|1.14.99.53	CBM2(106-194)	CBM2_e70	N	Y(1-34)	2
A0A919GDE6|unreviewed|CBM2	1.14.99.54|1.14.99.53	AA10(33-223)+CBM2(287-377)	AA10_e30+CBM2_e70	AA10+CBM2	Y(1-33)	3
A0A919HIY4|unreviewed|CBM2	1.14.99.54|1.14.99.53	CBM2(2-89)	CBM2_e70	N	N	2
A0A919IGS4|unreviewed|CBM2	1.14.99.54|1.14.99.56|1.14.99.53	AA10(28-221)+CBM2(271-361)	AA10_e30+CBM2_e95	AA10+CBM2	Y(1-28)	3
A0A919J5J7|unreviewed|CBM2	1.14.99.54|1.14.99.53	AA10(31-224)+CBM2(282-371)	AA10_e30+CBM2_e70	AA10+CBM2	Y(1-31)	3
A0A919JP70|unreviewed|CBM2	1.14.99.54|1.14.99.53	AA10(29-222)+CBM2(272-364)	AA10_e30+CBM2_e70	AA10+CBM2	Y(1-29)	3
A0A919K2F1|unreviewed|CBM2	1.14.99.54|1.14.99.53	AA10(30-223)+CBM2(280-372)	AA10_e30+CBM2_e70	AA10+CBM2	Y(1-30)	3
A0A919L2D0|unreviewed|CBM2	1.14.99.54|1.14.99.53	AA10(45-234)+CBM2(260-349)	AA10_e30+CBM2_e70	AA10+CBM2	N	3
A0A919N751|unreviewed|CBM2	1.14.99.54|1.14.99.53	AA10(28-221)+CBM2(262-353)	AA10_e30+CBM2_e70	AA10+CBM2	Y(1-28)	3
A0A919NRS7|unreviewed|CBM2	1.14.99.54|1.14.99.53	AA10(33-225)+CBM2(281-373)	AA10_e30+CBM2_e70	AA10+CBM2	Y(1-33)	3
A0A919TGX4|unreviewed|CBM2	1.14.99.54|1.14.99.53	AA10(31-224)+CBM2(279-371)	AA10_e30+CBM2_e70	AA10+CBM2	Y(1-31)	3
A0A919UUB8|unreviewed|CBM2	1.14.99.54|1.14.99.53|-	AA10(42-225)+CBM2(260-350)	AA10_e30+CBM2_e10	AA10+CBM2	Y(1-42)	3
A0A919VJ88|unreviewed|CBM2	1.14.99.54|1.14.99.53	AA10(29-223)+CBM2(279-369)	AA10_e30+CBM2_e70	AA10+CBM2	Y(1-29)	3
A0A926GMV3|unreviewed|CBM2	1.14.99.54|1.14.99.53	AA10(51-240)+CBM2(266-355)	AA10_e30+CBM2_e70	AA10+CBM2	Y(1-51)	3
A0A926LLW2|unreviewed|CBM2	1.14.99.54|1.14.99.53	AA10(36-226)+CBM2(265-355)	AA10_e30+CBM2_e70	AA10+CBM2	Y(1-36)	3
A0A926QQZ6|unreviewed|CBM2	1.14.99.54|1.14.99.53	AA10(35-225)+CBM2(261-351)	AA10_e30+CBM2_e70	AA10+CBM2	Y(1-35)	3
A0A927IQN1|unreviewed|CBM2	1.14.99.54|1.14.99.56	AA10(42-224)	AA10_e50+CBM2_e17	AA10+CBM2	Y(1-42)	3
A0A927L9C2|unreviewed|CBM2	1.14.99.54|1.14.99.53	AA10(45-234)+CBM2(260-349)	AA10_e30+CBM2_e70	AA10+CBM2	Y(1-45)	3
A0A931A354|unreviewed|CBM2	1.14.99.54|1.14.99.53	AA10(35-225)+CBM2(262-350)	AA10_e30+CBM2_e70	AA10+CBM2	N	3
A0A931FVC4|unreviewed|CBM2	1.14.99.54|1.14.99.53	AA10(29-222)+CBM2(278-370)	AA10_e30+CBM2_e70	AA10+CBM2	Y(1-29)	3
A0A931JD60|unreviewed|CBM2	1.14.99.54|1.14.99.53	AA10(48-239)+CBM2(274-363)	AA10_e30+CBM2_e70	AA10+CBM2	Y(1-48)	3
A0A940WF79|unreviewed|CBM2	1.14.99.54|1.14.99.53|-	AA10(32-215)+CBM2(262-351)	AA10_e30+CBM2_e10	AA10+CBM2	Y(1-32)	3
A0A940XNV9|unreviewed|CBM2	1.14.99.54|1.14.99.53	AA10(35-225)+CBM2(272-360)	AA10_e30+CBM2_e70	AA10+CBM2	Y(1-35)	3
A0A940XVK5|unreviewed|CBM2	1.14.99.54|1.14.99.53	AA10(34-224)+CBM2(260-348)	AA10_e30+CBM2_e70	AA10+CBM2	Y(1-34)	3
A0A940XZ67|unreviewed|CBM2	1.14.99.54|1.14.99.53	AA10(62-251)+CBM2(277-366)	AA10_e30+CBM2_e70	AA10+CBM2	N	3
A0A940Z9N7|unreviewed|CBM2	1.14.99.54|1.14.99.53	AA10(34-224)+CBM2(262-351)	AA10_e30+CBM2_e70	AA10+CBM2	Y(1-34)	3
A0A941J0T5|unreviewed|CBM2	1.14.99.54|1.14.99.53	AA10(26-215)+CBM2(241-330)	AA10_e30+CBM2_e70	AA10+CBM2	Y(1-26)	3
A0A944IHZ3|unreviewed|CBM2	1.14.99.54|1.14.99.53	AA10(34-224)+CBM2(262-352)	AA10_e30+CBM2_e70	AA10+CBM2	Y(1-34)	3
A0A944P8W1|unreviewed|CBM2	1.14.99.54|1.14.99.53	AA10(35-225)+CBM2(263-351)	AA10_e30+CBM2_e70	AA10+CBM2	Y(1-35)	3
A0A960BMZ2|unreviewed|chitinase|taxID:2900548	3.2.1.4|3.2.1.176|3.2.1.91|3.2.1.8|3.2.1.-|-	AA10(35-208)+CBM2(236-315)+CBM2(371-471)+GH18(552-947)	AA10_e0+CBM2_e21+CBM2_e116+GH18_e427	CBM12+GH18	Y(1-35)	3
A0A964Q5W4|unreviewed|CBM2	-	CBM2(38-131)+CBM2(159-253)	CBM2_e56+CBM2_e56+GH18_e337	CBM2+GH18	N	3
A0A973K083|unreviewed|CBM2	1.14.99.54|1.14.99.53	AA10(50-239)+CBM2(265-354)	AA10_e30+CBM2_e70	AA10+CBM2	Y(1-50)	3
A0A973QXA8|unreviewed|CBM2	1.14.99.54|1.14.99.53	AA10(46-235)+CBM2(261-350)	AA10_e30+CBM2_e70	AA10+CBM2	Y(1-46)	3
A0A973T273|unreviewed|CBM2	1.14.99.54|1.14.99.53	AA10(33-223)+CBM2(283-373)	AA10_e30+CBM2_e70	AA10+CBM2	Y(1-33)	3
A0A973YZH1|unreviewed|CBM2	1.14.99.54|1.14.99.53	AA10(1-187)+CBM2(244-338)	AA10_e30+CBM2_e70	AA10+CBM2	N	3
A0A973ZFT9|unreviewed|CBM2	1.14.99.54|1.14.99.53	AA10(51-240)+CBM2(266-355)	AA10_e30+CBM2_e70	AA10+CBM2	N	3
A0A975TFR1|unreviewed|CBM2	1.14.99.54|1.14.99.53	AA10(39-228)+CBM2(269-358)	AA10_e30+CBM2_e70	AA10+CBM2	Y(1-39)	3
A0A9E3MSP6|unreviewed|CBM2	1.14.99.54|1.14.99.53	AA10(42-231)+CBM2(257-346)	AA10_e30+CBM2_e70	AA10+CBM2	Y(1-42)	3
A0A9E5S1C5|unreviewed|Endoglucanase|taxID:2720413	3.2.1.4|-	GH5_1(62-379)+CBM2(455-550)	GH5_e271+CBM2_e52	CBM2+GH5_1	N	3
A0A9Q3VJP4|unreviewed|CBM2	1.14.99.54|1.14.99.53	AA10(45-234)+CBM2(260-349)	AA10_e30+CBM2_e70	AA10+CBM2	Y(1-45)	3
A0A9R0P014|unreviewed|CBM2	1.14.99.54|1.14.99.53	AA10(19-207)+CBM2(264-358)	AA10_e30+CBM2_e70	AA10+CBM2	Y(1-19)	3
A0A9W4E1C5|unreviewed|CBM2	1.14.99.54|1.14.99.53	AA10(47-237)+CBM2(297-383)	AA10_e30+CBM2_e70	AA10+CBM2	Y(1-47)	3
A0A9W4GNL8|unreviewed|CBM2	1.14.99.54|1.14.99.53	AA10(47-237)+CBM2(297-383)	AA10_e30+CBM2_e70	AA10+CBM2	N	3
A0A9W6G3M2|unreviewed|CBM2	-	AA10(44-232)+CBM2(282-372)	AA10_e61+CBM2_e125	AA10+CBM2	Y(1-44)	3
A0A9W6PK44|unreviewed|CBM2	1.14.99.54|1.14.99.53	AA10(33-223)+CBM2(293-384)	AA10_e30+CBM2_e70	AA10+CBM2	Y(1-33)	3
A0A9W6QCY2|unreviewed|CBM2	1.14.99.54|1.14.99.53	AA10(33-223)+CBM2(293-382)	AA10_e30+CBM2_e70	AA10+CBM2	Y(1-33)	3
A0A9X1PTJ8|unreviewed|CBM2	1.14.99.54|1.14.99.53	AA10(53-242)+CBM2(268-358)	AA10_e30+CBM2_e70	AA10+CBM2	N	3
A0A9X2NND3|unreviewed|CBM2	1.14.99.54|1.14.99.53	AA10(32-220)+CBM2(252-347)	AA10_e30+CBM2_e70	AA10+CBM2	Y(1-32)	3
A0A9X2RYL8|unreviewed|CBM2	1.14.99.54|1.14.99.53	AA10(48-239)+CBM2(274-363)	AA10_e30+CBM2_e70	AA10+CBM2	Y(1-48)	3
A0A9X3PAU8|unreviewed|CBM2	-	AA10(44-232)+CBM2(281-371)	AA10_e61+CBM2_e125	AA10+CBM2	Y(1-46)	3
A0A9X3SUZ8|unreviewed|CBM2	-	AA10(44-232)+CBM2(280-372)	AA10_e61+CBM2_e125	AA10+CBM2	Y(1-44)	3
A0A9X3SVM0|unreviewed|CBM2	1.14.99.54|1.14.99.56	AA10(49-241)+CBM2(280-366)	AA10_e50+CBM2_e95	AA10+CBM2	N	3
A0A9X5CQM2|unreviewed|CBM2	1.14.99.54|1.14.99.53	AA10(34-224)+CBM2(262-352)	AA10_e30+CBM2_e70	AA10+CBM2	Y(1-34)	3
A0A9Y2ND19|unreviewed|CBM2	1.14.99.54|1.14.99.53	AA10(32-220)+CBM2(255-350)	AA10_e30+CBM2_e70	AA10+CBM2	Y(1-32)	3
A0AA40YL00|unreviewed|CBM2	1.14.99.54|1.14.99.53	AA10(34-224)+CBM2(262-352)	AA10_e30+CBM2_e70	AA10+CBM2	Y(1-34)	3
A0AA51M7L9|unreviewed|CBM2	1.14.99.54|1.14.99.53	AA10(35-225)+CBM2(265-354)	AA10_e30+CBM2_e70	AA10+CBM2	Y(1-35)	3
A0AA89TJJ0|unreviewed|CBM2	1.14.99.54|1.14.99.53	AA10(40-229)+CBM2(255-343)	AA10_e30+CBM2_e70	AA10+CBM2	Y(1-40)	3
A0AA90R2S6|unreviewed|cellulase|taxID:3057165	3.2.1.4|3.2.1.78|3.2.1.145|3.2.1.132|-	CBM2(97-186)+GH5_2(225-462)+CBM13(518-654)	CBM2_e56+GH5_e251+CBM13_e360	N	N	2
A0AA96FJN5|unreviewed|CBM2	1.14.99.54|1.14.99.53	AA10(48-237)+CBM2(263-353)	AA10_e30+CBM2_e70	AA10+CBM2	N	3
A0AA96QT00|unreviewed|CBM2	1.14.99.54|1.14.99.53	AA10(34-224)+CBM2(259-353)	AA10_e30+CBM2_e70	AA10+CBM2	Y(1-34)	3
A0AA96UHL2|unreviewed|CBM2	1.14.99.54|1.14.99.53	AA10(33-223)+CBM2(292-382)	AA10_e30+CBM2_e70	AA10+CBM2	Y(1-33)	3
A0AA97A8W3|unreviewed|CBM2	1.14.99.54|1.14.99.53	AA10(45-234)+CBM2(260-349)	AA10_e30+CBM2_e70	AA10+CBM2	N	3
A0AAE3YW75|unreviewed|CBM2	1.14.99.54|1.14.99.53	AA10(32-220)+CBM2(278-364)	AA10_e30+CBM2_e70	AA10+CBM2	Y(1-32)	3
A0AAE4AYP8|unreviewed|CBM2	1.14.99.54|1.14.99.53	AA10(33-221)+CBM2(277-363)	AA10_e30+CBM2_e70	AA10+CBM2	Y(1-33)	3
A0AAE4CRS4|unreviewed|CBM2	1.14.99.54|1.14.99.53	AA10(33-221)+CBM2(276-362)	AA10_e30+CBM2_e70	AA10+CBM2	Y(1-30)	3
A0AAE4JC84|unreviewed|CBM2	1.14.99.54|1.14.99.53	AA10(19-207)+CBM2(262-356)	AA10_e30+CBM2_e70	AA10+CBM2	Y(1-19)	3
A0AAI8PMD8|unreviewed|CBM2	1.14.99.54|1.14.99.53	AA10(42-231)+CBM2(257-346)	AA10_e30+CBM2_e70	AA10+CBM2	Y(1-42)	3
A0AAJ2QD77|unreviewed|CBM2	1.14.99.54|1.14.99.53	AA10(35-225)+CBM2(265-354)	AA10_e30+CBM2_e70	AA10+CBM2	Y(1-35)	3
A0AAJ2UKL1|unreviewed|CBM2	1.14.99.54|1.14.99.53	AA10(45-234)+CBM2(260-349)	AA10_e30+CBM2_e70	AA10+CBM2	N	3
A0AAJ2ZDN6|unreviewed|CBM2	1.14.99.54|1.14.99.53	AA10(33-222)+CBM2(274-369)	AA10_e30+CBM2_e70	AA10+CBM2	Y(1-23)	3
A0AAJ3D619|unreviewed|CBM2	1.14.99.54|1.14.99.53	AA10(34-224)+CBM2(263-353)	AA10_e30+CBM2_e70	AA10+CBM2	Y(1-34)	3
A0AAJ4Y812|unreviewed|CBM2	1.14.99.54|1.14.99.53	AA10(49-238)+CBM2(264-353)	AA10_e30+CBM2_e70	AA10+CBM2	Y(1-48)	3
A0AAJ6HRS5|unreviewed|CBM2	1.14.99.54|1.14.99.53	AA10(33-222)+CBM2(281-375)	AA10_e30+CBM2_e70	AA10+CBM2	Y(1-33)	3
A0AAN1HKQ3|unreviewed|CBM2	1.14.99.54|1.14.99.53	AA10(39-230)+CBM2(265-353)	AA10_e30+CBM2_e70	AA10+CBM2	Y(1-39)	3
A0AAT9HKG3|unreviewed|CBM2	1.14.99.54|1.14.99.53	CBM2(2-89)	CBM2_e70	N	N	2
A0AAT9KNN9|unreviewed|CBM2	1.14.99.54|1.14.99.53	AA10(35-225)+CBM2(261-349)	AA10_e30+CBM2_e70	AA10+CBM2	Y(1-35)	3
A0AAT9LMB2|unreviewed|CBM2	1.14.99.54|1.14.99.53	AA10(24-212)+CBM2(240-333)	AA10_e30+CBM2_e70	AA10+CBM2	Y(1-24)	3
A0AAT9R9K0|unreviewed|CBM2	1.14.99.54|1.14.99.53	AA10(45-234)+CBM2(260-349)	AA10_e30+CBM2_e70	AA10+CBM2	Y(1-45)	3
A0AAT9RNH5|unreviewed|CBM2	1.14.99.54|1.14.99.53	AA10(45-234)+CBM2(260-349)	AA10_e30+CBM2_e70	AA10+CBM2	Y(1-45)	3
A0AAT9T7I4|unreviewed|CBM2	1.14.99.54|1.14.99.53	AA10(35-225)+CBM2(261-349)	AA10_e30+CBM2_e70	AA10+CBM2	Y(1-35)	3
A0AAU0WGQ6|unreviewed|CBM2	1.14.99.54|1.14.99.53	AA10(49-238)+CBM2(264-352)	AA10_e30+CBM2_e70	AA10+CBM2	Y(1-38)	3
A0AAU1AJJ8|unreviewed|CBM2	1.14.99.54|1.14.99.53	AA10(33-222)+CBM2(282-377)	AA10_e30+CBM2_e70	AA10+CBM2	Y(1-33)	3
A0AAU1AR00|unreviewed|CBM2	3.2.1.78	GH5_40(293-523)	GH5_e171	CBM2+GH5_40	Y(1-29)	3
A0AAU1C7B7|unreviewed|CBM2	1.14.99.54|1.14.99.53	AA10(35-225)+CBM2(268-356)	AA10_e30+CBM2_e70	AA10+CBM2	Y(1-35)	3
A0AAU1FPT2|unreviewed|CBM2	1.14.99.54|1.14.99.53	AA10(44-233)+CBM2(259-348)	AA10_e30+CBM2_e70	AA10+CBM2	Y(1-43)	3
A0AAU1HV75|unreviewed|CBM2	1.14.99.54|1.14.99.53	AA10(54-243)+CBM2(269-358)	AA10_e30+CBM2_e70	AA10+CBM2	N	3
A0AAU1J3D5|unreviewed|CBM2	1.14.99.54|1.14.99.53	AA10(23-212)+CBM2(238-327)	AA10_e30+CBM2_e70	AA10+CBM2	Y(1-23)	3
A0AAU1PSC0|unreviewed|CBM2	1.14.99.54|1.14.99.53	AA10(33-223)+CBM2(293-384)	AA10_e30+CBM2_e70	AA10+CBM2	Y(1-33)	3
A0AAU1V6G2|unreviewed|CBM2	1.14.99.54|1.14.99.53	AA10(51-240)+CBM2(266-355)	AA10_e30+CBM2_e70	AA10+CBM2	N	3
A0AAU1VYR1|unreviewed|CBM2	1.14.99.54|1.14.99.53	AA10(35-225)+CBM2(269-358)	AA10_e30+CBM2_e70	AA10+CBM2	Y(1-35)	3
A0AAU1X2F0|unreviewed|CBM2	1.14.99.54|1.14.99.53	AA10(35-225)+CBM2(275-363)	AA10_e30+CBM2_e70	AA10+CBM2	Y(1-35)	3
A0AAU1YEV4|unreviewed|CBM2	1.14.99.54|1.14.99.53	AA10(45-234)+CBM2(260-349)	AA10_e30+CBM2_e70	AA10+CBM2	N	3
A0AAU1ZNE3|unreviewed|CBM2	1.14.99.54|1.14.99.53	AA10(35-225)+CBM2(276-369)	AA10_e30+CBM2_e70	AA10+CBM2	Y(1-35)	3
A0AAU2AIC2|unreviewed|CBM2	1.14.99.54|1.14.99.53	AA10(53-242)+CBM2(269-358)	AA10_e30+CBM2_e70	AA10+CBM2	N	3
A0AAU2C167|unreviewed|CBM2	1.14.99.54|1.14.99.53	AA10(42-231)+CBM2(257-346)	AA10_e30+CBM2_e70	AA10+CBM2	Y(1-42)	3
A0AAU2CS49|unreviewed|CBM2	1.14.99.54|1.14.99.53	AA10(51-240)+CBM2(266-355)	AA10_e30+CBM2_e70	AA10+CBM2	N	3
A0AAU2DUD3|unreviewed|CBM2	1.14.99.54|1.14.99.53	AA10(59-248)+CBM2(274-363)	AA10_e30+CBM2_e70	AA10+CBM2	N	3
A0AAU2FFE8|unreviewed|CBM2	1.14.99.54|1.14.99.53	AA10(53-242)+CBM2(269-358)	AA10_e30+CBM2_e70	AA10+CBM2	N	3
A0AAU2P3X9|unreviewed|CBM2	1.14.99.54|1.14.99.53	AA10(46-235)+CBM2(261-349)	AA10_e30+CBM2_e70	AA10+CBM2	Y(1-46)	3
A0AAU2QK61|unreviewed|CBM2	1.14.99.54|1.14.99.53	AA10(50-239)+CBM2(265-354)	AA10_e30+CBM2_e70	AA10+CBM2	Y(1-50)	3
A0AAU2SD17|unreviewed|CBM2	1.14.99.54|1.14.99.53	AA10(50-239)+CBM2(265-354)	AA10_e30+CBM2_e70	AA10+CBM2	Y(1-50)	3
A0AAU2SLN0|unreviewed|CBM2	1.14.99.54|1.14.99.53	AA10(35-225)+CBM2(263-353)	AA10_e30+CBM2_e70	AA10+CBM2	Y(1-35)	3
A0AAU2SVJ2|unreviewed|CBM2	1.14.99.54|1.14.99.53	AA10(42-231)+CBM2(257-346)	AA10_e30+CBM2_e70	AA10+CBM2	Y(1-42)	3
A0AAU2TXD5|unreviewed|CBM2	1.14.99.54|1.14.99.53	AA10(42-231)+CBM2(257-346)	AA10_e30+CBM2_e70	AA10+CBM2	Y(1-42)	3
A0AAU2VQ50|unreviewed|CBM2	1.14.99.54|1.14.99.53	AA10(35-225)+CBM2(262-352)	AA10_e30+CBM2_e70	AA10+CBM2	Y(1-35)	3
A0AAU2XNB1|unreviewed|CBM2	1.14.99.54|1.14.99.53	AA10(49-238)+CBM2(264-353)	AA10_e30+CBM2_e70	AA10+CBM2	Y(1-49)	3
A0AAU2YB55|unreviewed|CBM2	1.14.99.54|1.14.99.53	AA10(35-225)+CBM2(264-353)	AA10_e30+CBM2_e70	AA10+CBM2	Y(1-35)	3
A0AAU2ZG92|unreviewed|CBM2	1.14.99.54|1.14.99.53	AA10(46-235)+CBM2(261-349)	AA10_e30+CBM2_e70	AA10+CBM2	Y(1-46)	3
A0AAU3BK31|unreviewed|CBM2	1.14.99.54|1.14.99.53	AA10(49-238)+CBM2(264-353)	AA10_e30+CBM2_e70	AA10+CBM2	Y(1-49)	3
A0AAU3BX14|unreviewed|CBM2	1.14.99.54|1.14.99.53	AA10(44-233)+CBM2(259-348)	AA10_e30+CBM2_e70	AA10+CBM2	Y(1-44)	3
A0AAU3CKP9|unreviewed|CBM2	1.14.99.54|1.14.99.53	AA10(42-231)+CBM2(257-346)	AA10_e30+CBM2_e70	AA10+CBM2	Y(1-42)	3
A0AAU3DJZ8|unreviewed|CBM2	1.14.99.54|1.14.99.53	AA10(35-225)+CBM2(274-363)	AA10_e30+CBM2_e70	AA10+CBM2	Y(1-35)	3
A0AAU3E1G2|unreviewed|CBM2	1.14.99.54|1.14.99.53	AA10(33-222)+CBM2(273-367)	AA10_e30+CBM2_e70	AA10+CBM2	Y(1-33)	3
A0AAU3FIL7|unreviewed|CBM2	1.14.99.54|1.14.99.53	AA10(34-223)+CBM2(274-368)	AA10_e30+CBM2_e70	AA10+CBM2	Y(1-34)	3
A0AAU3GDC0|unreviewed|CBM2	1.14.99.54|1.14.99.53	AA10(32-215)+CBM2(248-342)	AA10_e30+CBM2_e70	AA10+CBM2	Y(1-32)	3
A0AAU3HNC3|unreviewed|CBM2	1.14.99.54|1.14.99.53	AA10(35-224)+CBM2(281-376)	AA10_e30+CBM2_e70	AA10+CBM2	Y(1-35)	3
A0AAU3IEL9|unreviewed|CBM2	1.14.99.54|1.14.99.53	AA10(36-225)+CBM2(251-340)	AA10_e30+CBM2_e70	AA10+CBM2	Y(1-36)	3
A0AAU3IHQ4|unreviewed|CBM2	1.14.99.54|1.14.99.53	AA10(42-225)+CBM2(274-359)	AA10_e30+CBM2_e70	AA10+CBM2	Y(1-42)	3
A0AAU3JCZ8|unreviewed|CBM2	1.14.99.54|1.14.99.53	AA10(51-240)+CBM2(266-355)	AA10_e30+CBM2_e70	AA10+CBM2	N	3
A0AAU3KB38|unreviewed|CBM2	1.14.99.54|1.14.99.53	AA10(55-244)+CBM2(271-360)	AA10_e30+CBM2_e70	AA10+CBM2	N	3
A0AAU3LS75|unreviewed|CBM2	1.14.99.54|1.14.99.53	AA10(52-241)+CBM2(267-356)	AA10_e30+CBM2_e70	AA10+CBM2	N	3
A0AAU3W852|unreviewed|CBM2	1.14.99.54|1.14.99.53	AA10(53-242)+CBM2(268-357)	AA10_e30+CBM2_e70	AA10+CBM2	N	3
A0AAU4AWI7|unreviewed|CBM2	1.14.99.54|1.14.99.53	AA10(33-223)+CBM2(288-374)	AA10_e30+CBM2_e70	AA10+CBM2	Y(1-33)	3
A0AAU4CQX3|unreviewed|CBM2	1.14.99.54|1.14.99.53	AA10(45-234)+CBM2(260-349)	AA10_e30+CBM2_e70	AA10+CBM2	N	3
A0AAU4EGD3|unreviewed|CBM2	1.14.99.54|1.14.99.53	AA10(32-220)+CBM2(255-350)	AA10_e30+CBM2_e70	AA10+CBM2	Y(1-32)	3
A0AAU4F6R7|unreviewed|CBM2	1.14.99.54|1.14.99.53	AA10(32-220)+CBM2(255-350)	AA10_e30+CBM2_e70	AA10+CBM2	Y(1-32)	3
A0AAU4GW23|unreviewed|CBM2	1.14.99.54|1.14.99.53	AA10(52-241)+CBM2(267-357)	AA10_e30+CBM2_e70	AA10+CBM2	N	3
A0AAU4HPJ2|unreviewed|CBM2	1.14.99.54|1.14.99.53	AA10(35-225)+CBM2(262-352)	AA10_e30+CBM2_e70	AA10+CBM2	Y(1-35)	3
A0AAU4IVX9|unreviewed|CBM2	1.14.99.54|1.14.99.53	AA10(35-225)+CBM2(266-354)	AA10_e30+CBM2_e70	AA10+CBM2	Y(1-35)	3
A0AAU4JVR9|unreviewed|CBM2	1.14.99.54|1.14.99.53	AA10(28-216)+CBM2(265-360)	AA10_e30+CBM2_e70	AA10+CBM2	Y(1-28)	3
A0AAU4KPK3|unreviewed|CBM2	1.14.99.54|1.14.99.53	AA10(74-263)+CBM2(289-378)	AA10_e30+CBM2_e70	AA10+CBM2	N	3
A0AAU4MNK9|unreviewed|CBM2	1.14.99.54|1.14.99.53	AA10(33-223)+CBM2(283-372)	AA10_e30+CBM2_e70	AA10+CBM2	Y(1-33)	3
A0AAU4QIH8|unreviewed|CBM2	1.14.99.54|1.14.99.53	AA10(54-243)+CBM2(269-359)	AA10_e30+CBM2_e70	AA10+CBM2	Y(1-51)	3
A0AAU4R9X2|unreviewed|CBM2	1.14.99.54|1.14.99.53	AA10(50-239)+CBM2(265-354)	AA10_e30+CBM2_e70	AA10+CBM2	N	3
A0AAU4SBI0|unreviewed|CBM2	1.14.99.54|1.14.99.53	AA10(52-241)+CBM2(267-356)	AA10_e30+CBM2_e70	AA10+CBM2	N	3
A0AAU4SF96|unreviewed|CBM2	1.14.99.54|1.14.99.53	AA10(35-225)+CBM2(265-354)	AA10_e30+CBM2_e70	AA10+CBM2	Y(1-35)	3
A0AAU4SS27|unreviewed|CBM2	1.14.99.54|1.14.99.53	AA10(47-236)+CBM2(262-351)	AA10_e30+CBM2_e70	AA10+CBM2	Y(1-47)	3
A0AAU4TSV8|unreviewed|CBM2	1.14.99.54|1.14.99.53	AA10(42-231)+CBM2(257-346)	AA10_e30+CBM2_e70	AA10+CBM2	Y(1-42)	3
A0AAU4UIB6|unreviewed|CBM2	1.14.99.54|1.14.99.53	AA10(53-242)+CBM2(269-358)	AA10_e30+CBM2_e70	AA10+CBM2	N	3
A0AAU4XX92|unreviewed|CBM2	1.14.99.54|1.14.99.53	AA10(42-231)+CBM2(257-345)	AA10_e30+CBM2_e70	AA10+CBM2	Y(1-42)	3
A0AAU4ZWB9|unreviewed|CBM2	1.14.99.54|1.14.99.53	AA10(52-241)+CBM2(267-356)	AA10_e30+CBM2_e70	AA10+CBM2	N	3
A0AAU5AMB9|unreviewed|CBM2	1.14.99.54|1.14.99.53	AA10(52-241)+CBM2(267-356)	AA10_e30+CBM2_e70	AA10+CBM2	N	3
A0AAU5CVZ7|unreviewed|CBM2	1.14.99.54|1.14.99.53	AA10(35-225)+CBM2(264-353)	AA10_e30+CBM2_e70	AA10+CBM2	Y(1-35)	3
A0AAU5DQH4|unreviewed|Beta-xylanase|taxID:2903638	3.2.1.8	GH10(41-333)+CBM2(348-440)	GH10_e90+CBM2_e115	CBM2+GH10	Y(1-34)	3
A0AAU5GWF1|unreviewed|CBM2	1.14.99.54|1.14.99.53	AA10(38-227)+CBM2(255-350)	AA10_e30+CBM2_e70	AA10+CBM2	Y(1-38)	3
A0AAU5HLK5|unreviewed|CBM2	1.14.99.54|1.14.99.53	AA10(52-241)+CBM2(267-357)	AA10_e30+CBM2_e70	AA10+CBM2	N	3
A0AAU5IAJ3|unreviewed|CBM2	1.14.99.54|1.14.99.53	AA10(52-241)+CBM2(267-356)	AA10_e30+CBM2_e70	AA10+CBM2	N	3
A0AAU5JAZ3|unreviewed|CBM2	1.14.99.54|1.14.99.53	AA10(35-225)+CBM2(262-352)	AA10_e30+CBM2_e70	AA10+CBM2	Y(1-35)	3
A0AAU5N2M0|unreviewed|CBM2	1.14.99.54|1.14.99.53	AA10(35-225)+CBM2(271-360)	AA10_e30+CBM2_e70	AA10+CBM2	Y(1-35)	3
A0AAU5NM37|unreviewed|CBM2	1.14.99.54|1.14.99.53	AA10(42-231)+CBM2(257-346)	AA10_e30+CBM2_e70	AA10+CBM2	Y(1-42)	3
A0AAU5NX62|unreviewed|CBM2	1.14.99.54|1.14.99.53	AA10(52-241)+CBM2(267-356)	AA10_e30+CBM2_e70	AA10+CBM2	N	3
A0AAU5RA77|unreviewed|CBM2	1.14.99.54|1.14.99.53	AA10(35-225)+CBM2(281-376)	AA10_e30+CBM2_e70	AA10+CBM2	Y(1-35)	3
A0AAU5RN80|unreviewed|CBM2	1.14.99.54|1.14.99.53	AA10(52-241)+CBM2(269-360)	AA10_e30+CBM2_e70	AA10+CBM2	Y(1-41)	3
A0AAU5TSS7|unreviewed|CBM2	1.14.99.54|1.14.99.53	AA10(50-239)+CBM2(265-354)	AA10_e30+CBM2_e70	AA10+CBM2	Y(1-50)	3
A0AAU5VD50|unreviewed|CBM2	1.14.99.54|1.14.99.53	AA10(74-263)+CBM2(289-378)	AA10_e30+CBM2_e70	AA10+CBM2	N	3
A0AAU5XV06|unreviewed|CBM2	1.14.99.54|1.14.99.53	AA10(32-220)+CBM2(255-350)	AA10_e30+CBM2_e70	AA10+CBM2	Y(1-32)	3
A0AAU5YSA0|unreviewed|CBM2	1.14.99.54|1.14.99.53	AA10(23-212)+CBM2(238-327)	AA10_e30+CBM2_e70	AA10+CBM2	Y(1-23)	3
A0AAU6BWK9|unreviewed|CBM2	1.14.99.54|1.14.99.53	AA10(48-237)+CBM2(263-352)	AA10_e30+CBM2_e70	AA10+CBM2	N	3
A0AAU6CEB1|unreviewed|CBM2	1.14.99.54|1.14.99.53	AA10(37-227)+CBM2(291-382)	AA10_e30+CBM2_e70	AA10+CBM2	Y(1-37)	3
A0AAU6E611|unreviewed|CBM2	1.14.99.54|1.14.99.53	CBM2(85-173)	CBM2_e70	N	Y(1-38)	2
A0AAU6FWG6|unreviewed|CBM2	1.14.99.54|1.14.99.53	AA10(35-225)+CBM2(263-351)	AA10_e30+CBM2_e70	AA10+CBM2	Y(1-35)	3
A0AAU6H9X1|unreviewed|CBM2	1.14.99.54|1.14.99.53	AA10(35-225)+CBM2(265-354)	AA10_e30+CBM2_e70	AA10+CBM2	Y(1-35)	3
A0AAU6JI34|unreviewed|CBM2	1.14.99.54|1.14.99.53	AA10(53-242)+CBM2(269-358)	AA10_e30+CBM2_e70	AA10+CBM2	N	3
A0AAU7R8U4|unreviewed|CBM2	1.14.99.54|1.14.99.53	AA10(35-224)+CBM2(280-375)	AA10_e30+CBM2_e70	AA10+CBM2	Y(1-35)	3
A0AAU8HIM5|unreviewed|CBM2	1.14.99.54|1.14.99.53	AA10(33-222)+CBM2(287-381)	AA10_e30+CBM2_e70	AA10+CBM2	Y(1-32)	3
A0AAW4JUM9|unreviewed|CBM2	1.14.99.54|1.14.99.53	AA10(35-224)+CBM2(281-376)	AA10_e30+CBM2_e70	AA10+CBM2	Y(1-25)	3
A0AAW8FAY7|unreviewed|CBM2	1.14.99.54|1.14.99.53	AA10(42-231)+CBM2(257-346)	AA10_e30+CBM2_e70	AA10+CBM2	Y(1-42)	3
A0AB33EJU3|unreviewed|Chitin-binding	1.14.99.54|1.14.99.53	AA10(27-211)+CBM2(245-334)	AA10_e30+CBM2_e70	AA10+CBM2	Y(1-27)	3
A0AB33F1R2|unreviewed|Chitin-binding	1.14.99.54|1.14.99.53	AA10(33-222)+CBM2(277-372)	AA10_e30+CBM2_e70	AA10+CBM2	Y(1-23)	3
A0AB33KJA5|unreviewed|Lytic	1.14.99.54|1.14.99.53	AA10(35-225)+CBM2(263-352)	AA10_e30+CBM2_e70	AA10+CBM2	Y(1-35)	3
A0AB37PM01|unreviewed|Uncharacterized	1.14.99.54|1.14.99.53|-	AA10(12-195)+CBM2(213-298)	AA10_e30+CBM2_e10	AA10+CBM2	N	3
A0AB37PM11|unreviewed|Chitin-binding	1.14.99.54|1.14.99.53	AA10(34-224)+CBM2(262-352)	AA10_e30+CBM2_e70	AA10+CBM2	Y(1-34)	3
A0AB39LYB9|unreviewed|Lytic	1.14.99.54|1.14.99.53	AA10(34-224)+CBM2(261-350)	AA10_e30+CBM2_e70	AA10+CBM2	Y(1-34)	3
A0AB39MQJ0|unreviewed|Lytic	1.14.99.54|1.14.99.53	AA10(23-212)+CBM2(238-327)	AA10_e30+CBM2_e70	AA10+CBM2	Y(1-23)	3
A0AB39N6R2|unreviewed|Lytic	1.14.99.54|1.14.99.53	AA10(54-243)+CBM2(269-359)	AA10_e30+CBM2_e70	AA10+CBM2	N	3
A0AB39NVE3|unreviewed|Lytic	1.14.99.54|1.14.99.53	AA10(34-224)+CBM2(261-350)	AA10_e30+CBM2_e70	AA10+CBM2	Y(1-34)	3
A0AB39P4G1|unreviewed|Lytic	1.14.99.54|1.14.99.53	AA10(46-235)+CBM2(261-350)	AA10_e30+CBM2_e70	AA10+CBM2	Y(1-45)	3
A0AB39Q551|unreviewed|Lytic	1.14.99.54|1.14.99.53	AA10(52-241)+CBM2(267-357)	AA10_e30+CBM2_e70	AA10+CBM2	N	3
A0AB39R5X1|unreviewed|Lytic	1.14.99.54|1.14.99.53	AA10(51-240)+CBM2(266-355)	AA10_e30+CBM2_e70	AA10+CBM2	Y(1-51)	3
A0AB39SK94|unreviewed|Lytic	1.14.99.54|1.14.99.53	AA10(53-242)+CBM2(268-357)	AA10_e30+CBM2_e70	AA10+CBM2	N	3
A0SGJ6|unreviewed|Endoglucanase|taxID:1245466	3.2.1.4	GH9(277-696)	CBM2_e3+GH9_e27	CBM2+GH9	N	3
A0SGJ7|unreviewed|Endoglucanase|taxID:1245466	3.2.1.4	GH9(277-696)	CBM2_e3+GH9_e27	CBM2+GH9	N	3
A0SGJ8|unreviewed|Endoglucanase|taxID:1245466	3.2.1.4	GH9(277-696)	CBM2_e3+GH9_e27	CBM2+GH9	N	3
A0SGJ9|unreviewed|Endoglucanase|taxID:1245466	3.2.1.4	GH9(276-695)	CBM2_e3+GH9_e27	CBM2+GH9	Y(1-26)	3
A0SGK0|unreviewed|Endoglucanase|taxID:1245466	3.2.1.4	GH9(276-695)	CBM2_e3+GH9_e27	CBM2+GH9	Y(1-26)	3
A0SGK1|unreviewed|Endoglucanase|taxID:1245466	3.2.1.4	GH9(276-695)	CBM2_e3+GH9_e27	CBM2+GH9	Y(1-26)	3
A0SGK2|unreviewed|Endoglucanase|taxID:1245466	3.2.1.4	GH9(276-695)	CBM2_e3+GH9_e27	CBM2+GH9	Y(1-26)	3
A3KKC4|reviewed|Lytic	1.14.99.54|1.14.99.53	AA10(35-225)+CBM2(265-353)	AA10_e30+CBM2_e70	AA10+CBM2	Y(1-35)	3
A4X9B3|unreviewed|CBM2	1.14.99.54|1.14.99.53	AA10(35-224)+CBM2(263-358)	AA10_e30+CBM2_e70	AA10+CBM2	Y(1-21)	3
A8LVV7|unreviewed|CBM2	1.14.99.54|1.14.99.53	AA10(34-223)+CBM2(261-356)	AA10_e30+CBM2_e70	AA10+CBM2	Y(1-34)	3
B1VNK5|unreviewed|CBM2	1.14.99.54|1.14.99.53	AA10(35-225)+CBM2(261-349)	AA10_e30+CBM2_e70	AA10+CBM2	Y(1-35)	3
B5HTC9|unreviewed|CBM2	1.14.99.54|1.14.99.53	AA10(42-231)+CBM2(257-346)	AA10_e30+CBM2_e70	AA10+CBM2	Y(1-42)	3
C4RK97|unreviewed|CBM2	1.14.99.54|1.14.99.53	AA10(25-214)+CBM2(261-355)	AA10_e30+CBM2_e70	AA10+CBM2	Y(1-25)	3
C9YVY4|unreviewed|CBM2	1.14.99.54|1.14.99.53	AA10(45-234)+CBM2(260-349)	AA10_e30+CBM2_e70	AA10+CBM2	Y(1-45)	3
D2BFT4|unreviewed|CBM2	-	CBM2(77-168)	CBM2_e10	N	N	2
D6KFY7|unreviewed|CBM2	1.14.99.54|1.14.99.53	AA10(34-224)+CBM2(280-346)	AA10_e30+CBM2_e70	AA10+CBM2	Y(1-34)	3
D7C6F5|unreviewed|CBM2	1.14.99.54|1.14.99.53	AA10(43-234)+CBM2(263-352)	AA10_e30+CBM2_e70	AA10+CBM2	Y(1-43)	3
D9W865|unreviewed|CBM2	1.14.99.54|1.14.99.53	AA10(48-239)+CBM2(270-359)	AA10_e30+CBM2_e70	AA10+CBM2	Y(1-48)	3
D9X0J0|unreviewed|CBM2	1.14.99.54|1.14.99.53	AA10(49-238)+CBM2(264-350)	AA10_e30+CBM2_e70	AA10+CBM2	N	3
D9XZX4|unreviewed|CBM2	1.14.99.54|1.14.99.53	AA10(50-239)+CBM2(265-354)	AA10_e30+CBM2_e70	AA10+CBM2	N	3
E4N0M0|unreviewed|CBM2	1.14.99.54|1.14.99.53	AA10(33-223)+CBM2(268-358)	AA10_e30+CBM2_e70	AA10+CBM2	Y(1-33)	3
F3NP70|unreviewed|CBM2	1.14.99.54|1.14.99.53	AA10(54-243)+CBM2(280-369)	AA10_e30+CBM2_e70	AA10+CBM2	Y(1-54)	3
G2NNR3|unreviewed|CBM2	1.14.99.54|1.14.99.53	AA10(34-224)+CBM2(263-353)	AA10_e30+CBM2_e70	AA10+CBM2	Y(1-34)	3
G2NYJ7|unreviewed|CBM2	1.14.99.54|1.14.99.53	AA10(48-239)+CBM2(272-361)	AA10_e30+CBM2_e70	AA10+CBM2	Y(1-21)	3
G8S216|unreviewed|CBM2	1.14.99.54|1.14.99.53	AA10(28-221)+CBM2(260-356)	AA10_e30+CBM2_e70	AA10+CBM2	Y(1-28)	3
I0HBF4|unreviewed|CBM2	1.14.99.54|1.14.99.53	AA10(78-271)+CBM2(333-426)	AA10_e30+CBM2_e70	AA10+CBM2	N	3
I0L866|unreviewed|CBM2	1.14.99.54|1.14.99.53	AA10(33-221)+CBM2(286-381)	AA10_e30+CBM2_e70	AA10+CBM2	Y(1-33)	3
I7C7V8|unreviewed|CBM2	1.14.99.54|1.14.99.53	AA10(34-224)+CBM2(258-348)	AA10_e30+CBM2_e70	AA10+CBM2	Y(1-34)	3
K4QTJ1|unreviewed|CBM2	1.14.99.54|1.14.99.53	AA10(35-225)+CBM2(264-353)	AA10_e30+CBM2_e70	AA10+CBM2	Y(1-35)	3
K4R0I1|unreviewed|CBM2	1.14.99.54|1.14.99.53	AA10(55-244)+CBM2(270-359)	AA10_e30+CBM2_e70	AA10+CBM2	N	3
L1KKL0|unreviewed|CBM2	1.14.99.54|1.14.99.53	AA10(2-103)+CBM2(129-218)	AA10_e30+CBM2_e70	AA10+CBM2	N	3
L7FJ31|unreviewed|CBM2	1.14.99.54|1.14.99.53	AA10(55-244)+CBM2(271-360)	AA10_e30+CBM2_e70	AA10+CBM2	N	3
L8PMS0|unreviewed|CBM2	1.14.99.54|1.14.99.53	AA10(37-226)+CBM2(252-341)	AA10_e30+CBM2_e70	AA10+CBM2	Y(1-37)	3
N0CGA7|unreviewed|CBM2	1.14.99.54|1.14.99.53	AA10(35-225)+CBM2(267-361)	AA10_e30+CBM2_e70	AA10+CBM2	Y(1-35)	3
Q82KV8|unreviewed|CBM2	1.14.99.54|1.14.99.53	AA10(79-268)+CBM2(294-388)	AA10_e30+CBM2_e70	AA10+CBM2	N	3
Q9RJY2|unreviewed|CBM2	1.14.99.54|1.14.99.53	AA10(35-225)+CBM2(265-353)	AA10_e30+CBM2_e70	AA10+CBM2	Y(1-35)	3
Q9X5K8|unreviewed|CBM2	1.14.99.54|1.14.99.53	AA10(34-224)+CBM2(259-349)	AA10_e30+CBM2_e70	AA10+CBM2	Y(1-34)	3
R1FHR7|unreviewed|CBM2	1.14.99.54|1.14.99.53	AA10(19-207)+CBM2(264-358)	AA10_e30+CBM2_e70	AA10+CBM2	Y(1-19)	3
S4MR93|unreviewed|CBM2	1.14.99.54|1.14.99.53	AA10(40-229)+CBM2(255-344)	AA10_e30+CBM2_e70	AA10+CBM2	Y(1-40)	3
U5W274|unreviewed|CBM2	1.14.99.54|1.14.99.53	AA10(29-222)+CBM2(277-368)	AA10_e30+CBM2_e70	AA10+CBM2	Y(1-28)	3
W2F2E1|unreviewed|CBM2	1.14.99.54|1.14.99.53	AA10(32-215)+CBM2(262-354)	AA10_e30+CBM2_e70	AA10+CBM2	Y(1-29)	3
W7SRZ3|unreviewed|CBM2	1.14.99.54|1.14.99.53	AA10(27-215)+CBM2(243-336)	AA10_e30+CBM2_e70	AA10+CBM2	Y(1-27)	3
W9H1S5|unreviewed|cellulase|taxID:1385369	3.2.1.4	CBM2(6-86)+GH5_1(235-563)	CBM2_e52+GH5_e161	CBM2+GH5_1	N	3
A0A0C2ZMV9|unreviewed|CBM2	3.2.1.4|-	N	CBM2_e27+CBM2_e21	N	Y(1-24)	1
A0A1N6S457|unreviewed|CBM2	-	N	CBM2_e113	N	N	1
A0A238X701|unreviewed|non-specific	-	N	CBM2_e7	CBM2	N	2
A0A5D0T6V0|unreviewed|CBM2	-	N	CBM2_e113	N	N	1
C3UVM5|unreviewed|CBM2	3.2.1.4	N	CBM2_e3	CBM2	N	2
